checkpoint,repo_id,revision,release_panel,task_id,family,rank_spearman,pearson,optimum_set_agreement,original_optimum_count,alternative_optimum_count,original_chance_score,alternative_chance_score
cooc,Kaikaku/epicure-cooc,03edd311adde6e39a2eb6f9f3fa78f7396be6b53,panel_1,fb-executable-substitution-136,substitution,0.8409432672590568,0.8812306506796191,True,1,1,41.5325,43.14732142857143
cooc,Kaikaku/epicure-cooc,03edd311adde6e39a2eb6f9f3fa78f7396be6b53,panel_1,fb-executable-substitution-124,substitution,0.5062200956937799,0.5568788587274236,False,1,1,47.64107142857143,48.301964285714284
cooc,Kaikaku/epicure-cooc,03edd311adde6e39a2eb6f9f3fa78f7396be6b53,panel_1,fb-executable-substitution-086,substitution,0.9099794941900206,0.9244028401558823,True,1,1,44.17964285714285,48.22553571428571
cooc,Kaikaku/epicure-cooc,03edd311adde6e39a2eb6f9f3fa78f7396be6b53,panel_1,fb-executable-substitution-040,substitution,0.7207108680792892,0.7529256386325438,False,1,1,44.99053571428571,37.940535714285716
cooc,Kaikaku/epicure-cooc,03edd311adde6e39a2eb6f9f3fa78f7396be6b53,panel_1,fb-executable-substitution-066,substitution,0.6647983595352016,0.6822848330997647,False,1,1,46.05267857142857,51.91410714285715
cooc,Kaikaku/epicure-cooc,03edd311adde6e39a2eb6f9f3fa78f7396be6b53,panel_1,fb-executable-substitution-106,substitution,0.7514610893346163,0.7880887824456265,True,1,1,34.54982142857143,41.77321428571428
cooc,Kaikaku/epicure-cooc,03edd311adde6e39a2eb6f9f3fa78f7396be6b53,panel_1,fb-executable-substitution-042,substitution,0.47792207792207797,0.4616098369875971,False,1,1,50.01392857142857,42.62446428571428
cooc,Kaikaku/epicure-cooc,03edd311adde6e39a2eb6f9f3fa78f7396be6b53,panel_1,fb-executable-substitution-049,substitution,0.5180539654544057,0.5363893995555303,False,1,1,43.3725,50.13196428571428
cooc,Kaikaku/epicure-cooc,03edd311adde6e39a2eb6f9f3fa78f7396be6b53,panel_1,fb-executable-substitution-143,substitution,0.8144907723855093,0.8153323136782231,False,1,1,45.49196428571428,46.20196428571428
cooc,Kaikaku/epicure-cooc,03edd311adde6e39a2eb6f9f3fa78f7396be6b53,panel_1,fb-executable-substitution-101,substitution,0.745911584380684,0.7844689663248706,False,1,1,40.41303571428571,44.87017857142857
cooc,Kaikaku/epicure-cooc,03edd311adde6e39a2eb6f9f3fa78f7396be6b53,panel_1,fb-executable-substitution-099,substitution,0.8410799726589201,0.8756056094286053,False,1,1,46.754285714285714,55.30982142857143
cooc,Kaikaku/epicure-cooc,03edd311adde6e39a2eb6f9f3fa78f7396be6b53,panel_1,fb-executable-substitution-075,substitution,0.22960064255988247,0.1608530029289595,False,1,1,45.58089285714286,49.184285714285714
cooc,Kaikaku/epicure-cooc,03edd311adde6e39a2eb6f9f3fa78f7396be6b53,panel_1,fb-executable-substitution-006,substitution,0.23041695146958308,0.2596219428554646,False,1,1,42.31232142857143,51.041964285714286
cooc,Kaikaku/epicure-cooc,03edd311adde6e39a2eb6f9f3fa78f7396be6b53,panel_1,fb-executable-substitution-065,substitution,0.5527093765225393,0.5461033191464528,False,1,1,51.761964285714285,37.72732142857143
cooc,Kaikaku/epicure-cooc,03edd311adde6e39a2eb6f9f3fa78f7396be6b53,panel_1,fb-executable-substitution-089,substitution,0.7399863294600136,0.7541531559255491,True,1,1,44.74035714285715,47.02571428571429
cooc,Kaikaku/epicure-cooc,03edd311adde6e39a2eb6f9f3fa78f7396be6b53,panel_1,fb-executable-substitution-027,substitution,0.43356117566643887,0.47313748919519666,True,1,1,49.88732142857143,54.237857142857145
cooc,Kaikaku/epicure-cooc,03edd311adde6e39a2eb6f9f3fa78f7396be6b53,panel_1,fb-executable-substitution-113,substitution,0.9027153575370906,0.9388341687068531,True,1,1,40.51625,35.74910714285714
cooc,Kaikaku/epicure-cooc,03edd311adde6e39a2eb6f9f3fa78f7396be6b53,panel_1,fb-executable-substitution-072,substitution,0.630827067669173,0.6497644171657253,False,1,1,49.27964285714285,49.98625
cooc,Kaikaku/epicure-cooc,03edd311adde6e39a2eb6f9f3fa78f7396be6b53,panel_1,fb-executable-substitution-007,substitution,0.7187969924812031,0.7635409634820326,False,1,1,49.77160714285715,57.37410714285715
cooc,Kaikaku/epicure-cooc,03edd311adde6e39a2eb6f9f3fa78f7396be6b53,panel_1,fb-executable-substitution-025,substitution,0.4470342966185268,0.46621945579048396,False,1,1,49.76464285714285,53.90089285714285
cooc,Kaikaku/epicure-cooc,03edd311adde6e39a2eb6f9f3fa78f7396be6b53,panel_1,fb-executable-substitution-013,substitution,0.8983595352016405,0.8949395733705535,False,1,1,43.49,45.45625
cooc,Kaikaku/epicure-cooc,03edd311adde6e39a2eb6f9f3fa78f7396be6b53,panel_1,fb-executable-substitution-087,substitution,0.9362269309637731,0.941601968903343,True,1,1,44.72517857142857,42.27732142857143
cooc,Kaikaku/epicure-cooc,03edd311adde6e39a2eb6f9f3fa78f7396be6b53,panel_1,fb-executable-substitution-008,substitution,0.4615174299384826,0.522907014591322,False,1,1,43.91589285714285,47.83696428571429
cooc,Kaikaku/epicure-cooc,03edd311adde6e39a2eb6f9f3fa78f7396be6b53,panel_1,fb-executable-substitution-125,substitution,0.5255387139987068,0.5538581543133807,False,1,1,49.674285714285716,58.13285714285715
cooc,Kaikaku/epicure-cooc,03edd311adde6e39a2eb6f9f3fa78f7396be6b53,panel_1,fb-executable-substitution-069,substitution,0.7266357936090594,0.7769391417066028,False,1,1,44.82160714285715,40.188928571428576
cooc,Kaikaku/epicure-cooc,03edd311adde6e39a2eb6f9f3fa78f7396be6b53,panel_1,fb-executable-substitution-127,substitution,0.7838004101161996,0.808038206155188,True,1,1,47.23714285714286,45.604107142857146
cooc,Kaikaku/epicure-cooc,03edd311adde6e39a2eb6f9f3fa78f7396be6b53,panel_1,fb-executable-substitution-088,substitution,0.752904989747095,0.8063274108062177,False,1,1,45.99964285714285,40.550714285714285
cooc,Kaikaku/epicure-cooc,03edd311adde6e39a2eb6f9f3fa78f7396be6b53,panel_1,fb-executable-substitution-149,substitution,0.8363636363636364,0.8496788365562511,False,1,1,46.39839285714285,45.15464285714285
cooc,Kaikaku/epicure-cooc,03edd311adde6e39a2eb6f9f3fa78f7396be6b53,panel_1,fb-executable-substitution-100,substitution,0.763773069036227,0.7939060808566988,True,1,1,37.62696428571429,49.18607142857143
cooc,Kaikaku/epicure-cooc,03edd311adde6e39a2eb6f9f3fa78f7396be6b53,panel_1,fb-executable-substitution-103,substitution,0.7535885167464115,0.7515040532122347,False,1,1,36.94607142857143,52.20464285714285
cooc,Kaikaku/epicure-cooc,03edd311adde6e39a2eb6f9f3fa78f7396be6b53,panel_1,fb-executable-substitution-122,substitution,0.9700097405678154,0.9757618755418327,True,1,1,39.70946428571428,44.45196428571428
cooc,Kaikaku/epicure-cooc,03edd311adde6e39a2eb6f9f3fa78f7396be6b53,panel_1,fb-executable-substitution-108,substitution,0.8512645249487355,0.8761707824879511,True,1,1,40.72875,45.65553571428572
cooc,Kaikaku/epicure-cooc,03edd311adde6e39a2eb6f9f3fa78f7396be6b53,panel_1,fb-executable-substitution-120,substitution,0.8773752563226248,0.90178333104723,True,1,1,43.49089285714285,38.80464285714286
cooc,Kaikaku/epicure-cooc,03edd311adde6e39a2eb6f9f3fa78f7396be6b53,panel_1,fb-executable-substitution-138,substitution,0.8738016713796538,0.9463548390462473,False,1,1,49.05714285714285,52.25875
cooc,Kaikaku/epicure-cooc,03edd311adde6e39a2eb6f9f3fa78f7396be6b53,panel_1,fb-executable-substitution-034,substitution,0.07819816124953005,0.08447375786942497,False,1,1,47.06053571428571,51.489107142857144
cooc,Kaikaku/epicure-cooc,03edd311adde6e39a2eb6f9f3fa78f7396be6b53,panel_1,fb-executable-substitution-032,substitution,0.45809979494190023,0.4952724611944458,False,1,1,52.25267857142857,46.71142857142857
cooc,Kaikaku/epicure-cooc,03edd311adde6e39a2eb6f9f3fa78f7396be6b53,panel_1,fb-executable-substitution-012,substitution,0.883937115516063,0.9122459957077559,True,1,1,43.75714285714285,41.905
cooc,Kaikaku/epicure-cooc,03edd311adde6e39a2eb6f9f3fa78f7396be6b53,panel_1,fb-executable-substitution-104,substitution,0.6889268626110733,0.72546131571061,False,1,1,50.67625,54.47375
cooc,Kaikaku/epicure-cooc,03edd311adde6e39a2eb6f9f3fa78f7396be6b53,panel_1,fb-executable-substitution-031,substitution,0.7246877083715016,0.7283999272621047,True,1,1,41.39196428571429,46.26232142857143
cooc,Kaikaku/epicure-cooc,03edd311adde6e39a2eb6f9f3fa78f7396be6b53,panel_1,fb-executable-substitution-010,substitution,0.13978127136021873,0.1381029970327706,False,1,1,42.083035714285714,53.503035714285716
cooc,Kaikaku/epicure-cooc,03edd311adde6e39a2eb6f9f3fa78f7396be6b53,panel_1,fb-executable-substitution-011,substitution,0.06784121397460058,0.09291028692519346,False,1,1,50.42357142857143,49.28196428571428
cooc,Kaikaku/epicure-cooc,03edd311adde6e39a2eb6f9f3fa78f7396be6b53,panel_1,fb-executable-substitution-155,substitution,0.8679425837320576,0.8727154383744994,True,1,1,37.2,44.651964285714286
cooc,Kaikaku/epicure-cooc,03edd311adde6e39a2eb6f9f3fa78f7396be6b53,panel_1,fb-executable-substitution-047,substitution,0.5783321941216679,0.5862296465295184,False,1,1,54.51446428571428,52.39946428571429
cooc,Kaikaku/epicure-cooc,03edd311adde6e39a2eb6f9f3fa78f7396be6b53,panel_1,fb-executable-substitution-053,substitution,0.29911652630010294,0.3370694478717217,False,1,1,33.67321428571429,58.3425
cooc,Kaikaku/epicure-cooc,03edd311adde6e39a2eb6f9f3fa78f7396be6b53,panel_1,fb-executable-substitution-118,substitution,0.5113465481886534,0.5742960026860504,False,1,1,43.581964285714285,41.24625
cooc,Kaikaku/epicure-cooc,03edd311adde6e39a2eb6f9f3fa78f7396be6b53,panel_1,fb-executable-substitution-146,substitution,0.9440191387559809,0.9541145724176374,True,1,1,35.24053571428571,40.08732142857143
cooc,Kaikaku/epicure-cooc,03edd311adde6e39a2eb6f9f3fa78f7396be6b53,panel_1,fb-executable-substitution-150,substitution,0.8582365003417636,0.8762323783565896,False,1,1,55.044464285714284,49.07392857142857
cooc,Kaikaku/epicure-cooc,03edd311adde6e39a2eb6f9f3fa78f7396be6b53,panel_1,fb-executable-substitution-055,substitution,0.6297334244702666,0.6600784848852848,True,1,1,46.03,52.64178571428572
cooc,Kaikaku/epicure-cooc,03edd311adde6e39a2eb6f9f3fa78f7396be6b53,panel_1,fb-executable-substitution-139,substitution,0.8641295990598494,0.8718665074883257,False,1,1,40.77571428571429,44.26696428571429
cooc,Kaikaku/epicure-cooc,03edd311adde6e39a2eb6f9f3fa78f7396be6b53,panel_1,fb-executable-substitution-052,substitution,0.6174299384825701,0.6423337990988076,False,1,1,54.38,45.68892857142857
cooc,Kaikaku/epicure-cooc,03edd311adde6e39a2eb6f9f3fa78f7396be6b53,panel_1,fb-executable-substitution-038,substitution,0.6020950461413292,0.6289490797766887,False,1,1,56.087857142857146,49.57392857142857
cooc,Kaikaku/epicure-cooc,03edd311adde6e39a2eb6f9f3fa78f7396be6b53,panel_1,fb-executable-substitution-030,substitution,0.48277511961722486,0.5016984511522846,True,1,1,50.65464285714285,45.315714285714286
cooc,Kaikaku/epicure-cooc,03edd311adde6e39a2eb6f9f3fa78f7396be6b53,panel_1,fb-executable-substitution-123,substitution,0.7857826384142174,0.7860584468757368,False,1,1,45.39839285714285,43.06339285714285
cooc,Kaikaku/epicure-cooc,03edd311adde6e39a2eb6f9f3fa78f7396be6b53,panel_1,fb-executable-substitution-026,substitution,0.3524948735475052,0.38238928715400733,False,1,1,39.42803571428571,41.48517857142857
cooc,Kaikaku/epicure-cooc,03edd311adde6e39a2eb6f9f3fa78f7396be6b53,panel_1,fb-executable-substitution-081,substitution,0.855228981544771,0.8567523414869018,False,1,1,43.53803571428571,45.7875
cooc,Kaikaku/epicure-cooc,03edd311adde6e39a2eb6f9f3fa78f7396be6b53,panel_1,fb-executable-substitution-009,substitution,0.623113860546558,0.6666012387362554,False,1,1,39.19125,45.53660714285715
cooc,Kaikaku/epicure-cooc,03edd311adde6e39a2eb6f9f3fa78f7396be6b53,panel_1,fb-executable-substitution-059,substitution,0.7834586466165414,0.80010184174613,False,1,1,44.349642857142854,51.07017857142857
cooc,Kaikaku/epicure-cooc,03edd311adde6e39a2eb6f9f3fa78f7396be6b53,panel_1,fb-executable-substitution-033,substitution,0.6087491455912508,0.6191900696466026,False,1,1,41.83875,48.63
cooc,Kaikaku/epicure-cooc,03edd311adde6e39a2eb6f9f3fa78f7396be6b53,panel_1,fb-executable-substitution-062,substitution,0.8747778537252222,0.8810263179534615,False,1,1,44.3725,44.35839285714285
cooc,Kaikaku/epicure-cooc,03edd311adde6e39a2eb6f9f3fa78f7396be6b53,panel_1,fb-executable-substitution-133,substitution,0.9479997950768115,0.9483488167752399,False,1,1,41.20446428571429,46.58464285714285
cooc,Kaikaku/epicure-cooc,03edd311adde6e39a2eb6f9f3fa78f7396be6b53,panel_1,fb-executable-substitution-154,substitution,0.9623376623376624,0.9732784307407044,True,1,1,43.47517857142857,43.003214285714286
cooc,Kaikaku/epicure-cooc,03edd311adde6e39a2eb6f9f3fa78f7396be6b53,panel_1,fb-executable-substitution-045,substitution,0.3995215311004785,0.4456116870341789,False,1,1,46.54857142857143,46.71375
cooc,Kaikaku/epicure-cooc,03edd311adde6e39a2eb6f9f3fa78f7396be6b53,panel_1,fb-executable-substitution-140,substitution,0.875598086124402,0.8904321599486277,True,1,1,44.18053571428572,47.963571428571434
cooc,Kaikaku/epicure-cooc,03edd311adde6e39a2eb6f9f3fa78f7396be6b53,panel_1,fb-executable-substitution-093,substitution,0.6878449735278646,0.8082185933560707,False,1,1,42.60517857142857,45.15232142857143
cooc,Kaikaku/epicure-cooc,03edd311adde6e39a2eb6f9f3fa78f7396be6b53,panel_1,fb-executable-substitution-102,substitution,0.6866712235133289,0.678511185056915,False,1,1,48.00928571428572,51.830535714285716
cooc,Kaikaku/epicure-cooc,03edd311adde6e39a2eb6f9f3fa78f7396be6b53,panel_1,fb-executable-substitution-084,substitution,0.6978929921215837,0.7536979036590772,True,1,1,37.63285714285714,37.22660714285714
cooc,Kaikaku/epicure-cooc,03edd311adde6e39a2eb6f9f3fa78f7396be6b53,panel_1,fb-executable-substitution-160,substitution,0.876555023923445,0.896439596834954,True,1,1,41.885535714285716,39.964285714285715
cooc,Kaikaku/epicure-cooc,03edd311adde6e39a2eb6f9f3fa78f7396be6b53,panel_1,fb-executable-substitution-153,substitution,0.8694463431305537,0.8714750885692494,True,1,1,45.083214285714284,45.08517857142857
cooc,Kaikaku/epicure-cooc,03edd311adde6e39a2eb6f9f3fa78f7396be6b53,panel_1,fb-executable-substitution-064,substitution,0.808455373586487,0.8138760021878065,True,1,1,40.41357142857143,45.87142857142857
cooc,Kaikaku/epicure-cooc,03edd311adde6e39a2eb6f9f3fa78f7396be6b53,panel_1,fb-executable-substitution-134,substitution,0.7276611016288266,0.7439236775573264,False,1,1,44.41517857142857,47.85928571428572
cooc,Kaikaku/epicure-cooc,03edd311adde6e39a2eb6f9f3fa78f7396be6b53,panel_1,fb-executable-substitution-126,substitution,0.7241285030758714,0.7513662015904116,False,1,1,42.55642857142857,46.42107142857143
cooc,Kaikaku/epicure-cooc,03edd311adde6e39a2eb6f9f3fa78f7396be6b53,panel_1,fb-executable-substitution-073,substitution,0.9086807928913192,0.9010993656649542,False,1,1,50.29357142857143,57.11589285714285
cooc,Kaikaku/epicure-cooc,03edd311adde6e39a2eb6f9f3fa78f7396be6b53,panel_1,fb-executable-substitution-003,substitution,0.07894736842105264,0.04891882686365189,False,1,1,37.080535714285716,50.911428571428566
cooc,Kaikaku/epicure-cooc,03edd311adde6e39a2eb6f9f3fa78f7396be6b53,panel_1,fb-executable-substitution-152,substitution,0.7185700371868902,0.738974787641363,True,1,1,42.135892857142856,35.265
cooc,Kaikaku/epicure-cooc,03edd311adde6e39a2eb6f9f3fa78f7396be6b53,panel_1,fb-executable-substitution-151,substitution,0.9306903622693098,0.9328709303616537,True,1,1,40.87392857142857,49.479464285714286
cooc,Kaikaku/epicure-cooc,03edd311adde6e39a2eb6f9f3fa78f7396be6b53,panel_1,fb-executable-substitution-107,substitution,0.8509860218921458,0.8717760975852666,False,1,1,40.25089285714286,40.20142857142857
cooc,Kaikaku/epicure-cooc,03edd311adde6e39a2eb6f9f3fa78f7396be6b53,panel_1,fb-executable-substitution-097,substitution,0.6931647300068353,0.6759082656356985,False,1,1,44.3925,46.62
cooc,Kaikaku/epicure-cooc,03edd311adde6e39a2eb6f9f3fa78f7396be6b53,panel_1,fb-executable-substitution-112,substitution,0.8292691263877624,0.8427115555708637,True,1,1,44.502857142857145,43.839464285714286
cooc,Kaikaku/epicure-cooc,03edd311adde6e39a2eb6f9f3fa78f7396be6b53,panel_1,fb-executable-substitution-117,substitution,0.8747095010252905,0.869965525113343,False,1,1,48.21517857142857,47.48321428571428
cooc,Kaikaku/epicure-cooc,03edd311adde6e39a2eb6f9f3fa78f7396be6b53,panel_1,fb-executable-substitution-116,substitution,0.7000017090073172,0.7266088298112421,False,1,1,49.28910714285715,46.450178571428566
cooc,Kaikaku/epicure-cooc,03edd311adde6e39a2eb6f9f3fa78f7396be6b53,panel_1,fb-executable-substitution-131,substitution,0.7101845522898155,0.7596719776922801,True,1,1,45.27625,40.66589285714286
cooc,Kaikaku/epicure-cooc,03edd311adde6e39a2eb6f9f3fa78f7396be6b53,panel_1,fb-executable-substitution-005,substitution,0.3885850991114149,0.3290408759278602,False,1,1,50.979464285714286,47.48446428571428
cooc,Kaikaku/epicure-cooc,03edd311adde6e39a2eb6f9f3fa78f7396be6b53,panel_1,fb-executable-substitution-067,substitution,0.43157894736842106,0.44919438881187174,False,1,1,42.12339285714285,52.67732142857143
cooc,Kaikaku/epicure-cooc,03edd311adde6e39a2eb6f9f3fa78f7396be6b53,panel_1,fb-executable-substitution-159,substitution,0.8849433518611248,0.8684895282754186,False,1,1,45.597142857142856,45.51392857142857
cooc,Kaikaku/epicure-cooc,03edd311adde6e39a2eb6f9f3fa78f7396be6b53,panel_1,fb-executable-substitution-114,substitution,0.6863978127136022,0.6619307987569254,False,1,1,48.393571428571434,43.22125
cooc,Kaikaku/epicure-cooc,03edd311adde6e39a2eb6f9f3fa78f7396be6b53,panel_1,fb-executable-substitution-050,substitution,0.7203691045796309,0.7327575124979795,False,1,1,54.71,48.56785714285715
cooc,Kaikaku/epicure-cooc,03edd311adde6e39a2eb6f9f3fa78f7396be6b53,panel_1,fb-executable-substitution-090,substitution,0.4725905673274095,0.5262586337507447,False,1,1,46.6125,44.10125
cooc,Kaikaku/epicure-cooc,03edd311adde6e39a2eb6f9f3fa78f7396be6b53,panel_1,fb-executable-substitution-148,substitution,0.9009569377990432,0.9173622358965526,False,1,1,46.71946428571428,46.676607142857144
cooc,Kaikaku/epicure-cooc,03edd311adde6e39a2eb6f9f3fa78f7396be6b53,panel_1,fb-executable-substitution-110,substitution,0.7206425153793575,0.7115454184626919,False,1,1,48.66625,47.10821428571428
cooc,Kaikaku/epicure-cooc,03edd311adde6e39a2eb6f9f3fa78f7396be6b53,panel_1,fb-executable-pairing-047,pairing,0.7440191387559809,0.7227639081951845,True,1,1,41.83017857142857,55.91375
cooc,Kaikaku/epicure-cooc,03edd311adde6e39a2eb6f9f3fa78f7396be6b53,panel_1,fb-executable-pairing-076,pairing,0.7473000683527,0.759186797534432,True,1,1,46.45875,45.19392857142857
cooc,Kaikaku/epicure-cooc,03edd311adde6e39a2eb6f9f3fa78f7396be6b53,panel_1,fb-executable-pairing-028,pairing,0.7805194805194805,0.7809210106966047,False,1,1,50.85142857142857,42.05982142857143
cooc,Kaikaku/epicure-cooc,03edd311adde6e39a2eb6f9f3fa78f7396be6b53,panel_1,fb-executable-pairing-135,pairing,0.6397580274007799,0.6609201032215356,False,1,1,43.23482142857143,48.48125
cooc,Kaikaku/epicure-cooc,03edd311adde6e39a2eb6f9f3fa78f7396be6b53,panel_1,fb-executable-pairing-033,pairing,0.5740259740259741,0.6561634225628754,False,1,1,46.89375,53.25
cooc,Kaikaku/epicure-cooc,03edd311adde6e39a2eb6f9f3fa78f7396be6b53,panel_1,fb-executable-pairing-046,pairing,0.418796992481203,0.43449286520373426,False,1,1,43.369821428571434,52.838571428571434
cooc,Kaikaku/epicure-cooc,03edd311adde6e39a2eb6f9f3fa78f7396be6b53,panel_1,fb-executable-pairing-015,pairing,0.6169514695830486,0.6925780743709806,False,1,1,44.485,42.79142857142857
cooc,Kaikaku/epicure-cooc,03edd311adde6e39a2eb6f9f3fa78f7396be6b53,panel_1,fb-executable-pairing-101,pairing,0.9099950444774383,0.9024750696388115,False,1,1,42.52303571428572,38.503928571428574
cooc,Kaikaku/epicure-cooc,03edd311adde6e39a2eb6f9f3fa78f7396be6b53,panel_1,fb-executable-pairing-147,pairing,0.8087971429264095,0.8315933560239299,True,1,1,43.78678571428571,45.457857142857144
cooc,Kaikaku/epicure-cooc,03edd311adde6e39a2eb6f9f3fa78f7396be6b53,panel_1,fb-executable-pairing-080,pairing,0.7747095010252905,0.7822487848187373,False,1,1,46.972142857142856,46.168928571428566
cooc,Kaikaku/epicure-cooc,03edd311adde6e39a2eb6f9f3fa78f7396be6b53,panel_1,fb-executable-pairing-007,pairing,0.6465481886534519,0.651129240050858,False,1,1,50.71803571428572,47.36142857142857
cooc,Kaikaku/epicure-cooc,03edd311adde6e39a2eb6f9f3fa78f7396be6b53,panel_1,fb-executable-pairing-152,pairing,0.9235816814764184,0.9294237360805725,False,1,1,42.362321428571434,49.0225
cooc,Kaikaku/epicure-cooc,03edd311adde6e39a2eb6f9f3fa78f7396be6b53,panel_1,fb-executable-pairing-148,pairing,0.6043062200956938,0.5651362896993655,False,1,1,37.13196428571428,51.2675
cooc,Kaikaku/epicure-cooc,03edd311adde6e39a2eb6f9f3fa78f7396be6b53,panel_1,fb-executable-pairing-094,pairing,0.8233082706766918,0.8486412398490215,True,1,1,40.34553571428572,48.45428571428572
cooc,Kaikaku/epicure-cooc,03edd311adde6e39a2eb6f9f3fa78f7396be6b53,panel_1,fb-executable-pairing-079,pairing,0.7784005468215995,0.7879851427815874,True,1,1,45.86821428571429,42.85267857142857
cooc,Kaikaku/epicure-cooc,03edd311adde6e39a2eb6f9f3fa78f7396be6b53,panel_1,fb-executable-pairing-086,pairing,0.7613123718386877,0.7534277318786112,False,1,1,49.98482142857143,46.09339285714285
cooc,Kaikaku/epicure-cooc,03edd311adde6e39a2eb6f9f3fa78f7396be6b53,panel_1,fb-executable-pairing-133,pairing,0.6541353383458647,0.6228906920494808,False,1,1,37.77964285714286,51.096964285714286
cooc,Kaikaku/epicure-cooc,03edd311adde6e39a2eb6f9f3fa78f7396be6b53,panel_1,fb-executable-pairing-157,pairing,0.930432851004799,0.9456263220138299,False,1,1,46.55321428571428,45.72607142857143
cooc,Kaikaku/epicure-cooc,03edd311adde6e39a2eb6f9f3fa78f7396be6b53,panel_1,fb-executable-pairing-143,pairing,0.40123034859876966,0.3645176289218417,False,1,1,42.08,52.45285714285715
cooc,Kaikaku/epicure-cooc,03edd311adde6e39a2eb6f9f3fa78f7396be6b53,panel_1,fb-executable-pairing-160,pairing,0.49993164730006834,0.6497246721561339,False,1,1,36.70428571428572,38.65571428571428
cooc,Kaikaku/epicure-cooc,03edd311adde6e39a2eb6f9f3fa78f7396be6b53,panel_1,fb-executable-pairing-142,pairing,0.7451127819548873,0.7718054121421813,False,1,1,46.33767857142857,43.68553571428571
cooc,Kaikaku/epicure-cooc,03edd311adde6e39a2eb6f9f3fa78f7396be6b53,panel_1,fb-executable-pairing-081,pairing,0.7557074504442925,0.7824534139266798,True,1,1,50.24125,50.07678571428571
cooc,Kaikaku/epicure-cooc,03edd311adde6e39a2eb6f9f3fa78f7396be6b53,panel_1,fb-executable-pairing-155,pairing,0.8284347231715653,0.843335752457859,False,1,1,39.13160714285714,44.53732142857143
cooc,Kaikaku/epicure-cooc,03edd311adde6e39a2eb6f9f3fa78f7396be6b53,panel_1,fb-executable-pairing-041,pairing,0.8172248803827752,0.8785161025121897,False,1,1,46.176964285714284,46.58482142857143
cooc,Kaikaku/epicure-cooc,03edd311adde6e39a2eb6f9f3fa78f7396be6b53,panel_1,fb-executable-pairing-153,pairing,0.7429938482570062,0.7879224817498968,True,1,1,44.99214285714285,48.317142857142855
cooc,Kaikaku/epicure-cooc,03edd311adde6e39a2eb6f9f3fa78f7396be6b53,panel_1,fb-executable-pairing-066,pairing,0.21182863688391657,0.25887399348470896,False,1,1,45.44303571428571,54.81964285714285
cooc,Kaikaku/epicure-cooc,03edd311adde6e39a2eb6f9f3fa78f7396be6b53,panel_1,fb-executable-pairing-055,pairing,0.46422529441662447,0.4821420026967448,False,1,1,50.035,53.48267857142857
cooc,Kaikaku/epicure-cooc,03edd311adde6e39a2eb6f9f3fa78f7396be6b53,panel_1,fb-executable-pairing-003,pairing,0.5760082023239919,0.6187028726266847,False,1,1,48.755,48.34196428571428
cooc,Kaikaku/epicure-cooc,03edd311adde6e39a2eb6f9f3fa78f7396be6b53,panel_1,fb-executable-pairing-078,pairing,0.8098566278801689,0.801627077643522,True,1,1,43.87446428571428,44.161428571428566
cooc,Kaikaku/epicure-cooc,03edd311adde6e39a2eb6f9f3fa78f7396be6b53,panel_1,fb-executable-pairing-159,pairing,0.7635680109364321,0.8044056982875606,False,1,1,35.348214285714285,46.14125
cooc,Kaikaku/epicure-cooc,03edd311adde6e39a2eb6f9f3fa78f7396be6b53,panel_1,fb-executable-pairing-151,pairing,0.833356117566644,0.853097685232078,False,1,1,45.14875,46.06875
cooc,Kaikaku/epicure-cooc,03edd311adde6e39a2eb6f9f3fa78f7396be6b53,panel_1,fb-executable-pairing-032,pairing,0.6733996377183088,0.701784156858107,False,1,1,44.380178571428566,45.99339285714285
cooc,Kaikaku/epicure-cooc,03edd311adde6e39a2eb6f9f3fa78f7396be6b53,panel_1,fb-executable-pairing-054,pairing,0.7400546821599454,0.7902406917222408,False,1,1,56.558214285714286,61.05017857142857
cooc,Kaikaku/epicure-cooc,03edd311adde6e39a2eb6f9f3fa78f7396be6b53,panel_1,fb-executable-pairing-121,pairing,0.8535201640464799,0.8854783713180301,True,1,1,50.07053571428572,44.46517857142857
cooc,Kaikaku/epicure-cooc,03edd311adde6e39a2eb6f9f3fa78f7396be6b53,panel_1,fb-executable-pairing-111,pairing,0.8143540669856459,0.8144911048112933,False,1,1,49.91857142857143,45.38107142857143
cooc,Kaikaku/epicure-cooc,03edd311adde6e39a2eb6f9f3fa78f7396be6b53,panel_1,fb-executable-pairing-120,pairing,0.6087937252038086,0.6186008971318249,False,1,1,46.002857142857145,48.01982142857143
cooc,Kaikaku/epicure-cooc,03edd311adde6e39a2eb6f9f3fa78f7396be6b53,panel_1,fb-executable-pairing-084,pairing,0.47396572060441344,0.502525883551802,False,1,1,49.21035714285715,49.25660714285715
cooc,Kaikaku/epicure-cooc,03edd311adde6e39a2eb6f9f3fa78f7396be6b53,panel_1,fb-executable-pairing-145,pairing,0.609295967190704,0.6742445657128969,False,1,1,38.89892857142857,46.199642857142855
cooc,Kaikaku/epicure-cooc,03edd311adde6e39a2eb6f9f3fa78f7396be6b53,panel_1,fb-executable-pairing-058,pairing,0.42597402597402595,0.4300803054943076,False,1,1,44.54714285714285,46.34464285714285
cooc,Kaikaku/epicure-cooc,03edd311adde6e39a2eb6f9f3fa78f7396be6b53,panel_1,fb-executable-pairing-126,pairing,0.917634996582365,0.913987110293777,True,1,1,39.82535714285714,44.64821428571428
cooc,Kaikaku/epicure-cooc,03edd311adde6e39a2eb6f9f3fa78f7396be6b53,panel_1,fb-executable-pairing-103,pairing,0.6436090225563911,0.7257146880602756,True,1,1,39.83482142857142,47.55232142857143
cooc,Kaikaku/epicure-cooc,03edd311adde6e39a2eb6f9f3fa78f7396be6b53,panel_1,fb-executable-pairing-141,pairing,0.9367737525632263,0.9412436367654698,False,1,1,46.975,47.518214285714286
cooc,Kaikaku/epicure-cooc,03edd311adde6e39a2eb6f9f3fa78f7396be6b53,panel_1,fb-executable-pairing-022,pairing,0.6652768284347232,0.6808710625065876,False,1,1,43.73553571428572,55.05410714285715
cooc,Kaikaku/epicure-cooc,03edd311adde6e39a2eb6f9f3fa78f7396be6b53,panel_1,fb-executable-pairing-014,pairing,0.875598086124402,0.9029635467699269,True,1,1,38.59964285714286,48.68821428571428
cooc,Kaikaku/epicure-cooc,03edd311adde6e39a2eb6f9f3fa78f7396be6b53,panel_1,fb-executable-pairing-069,pairing,0.8903622693096377,0.8721880006902076,True,1,1,46.10107142857143,46.76535714285715
cooc,Kaikaku/epicure-cooc,03edd311adde6e39a2eb6f9f3fa78f7396be6b53,panel_1,fb-executable-pairing-098,pairing,0.8717830411155542,0.8773611182826359,False,1,1,45.32803571428572,46.00928571428572
cooc,Kaikaku/epicure-cooc,03edd311adde6e39a2eb6f9f3fa78f7396be6b53,panel_1,fb-executable-pairing-073,pairing,0.820164046479836,0.8202771164649538,False,1,1,39.848392857142855,41.72875
cooc,Kaikaku/epicure-cooc,03edd311adde6e39a2eb6f9f3fa78f7396be6b53,panel_1,fb-executable-pairing-024,pairing,0.6077238550922762,0.6480539686725196,False,1,1,34.69446428571428,51.22732142857143
cooc,Kaikaku/epicure-cooc,03edd311adde6e39a2eb6f9f3fa78f7396be6b53,panel_1,fb-executable-pairing-106,pairing,0.6509227614490772,0.6897344734052693,False,1,1,41.020714285714284,38.31839285714286
cooc,Kaikaku/epicure-cooc,03edd311adde6e39a2eb6f9f3fa78f7396be6b53,panel_1,fb-executable-pairing-004,pairing,0.8792699808184126,0.9029811740657933,True,1,1,39.27196428571428,44.00821428571428
cooc,Kaikaku/epicure-cooc,03edd311adde6e39a2eb6f9f3fa78f7396be6b53,panel_1,fb-executable-pairing-072,pairing,0.16852646151574585,0.17355353672931836,False,1,1,45.65428571428571,48.81375
cooc,Kaikaku/epicure-cooc,03edd311adde6e39a2eb6f9f3fa78f7396be6b53,panel_1,fb-executable-pairing-053,pairing,0.651948051948052,0.691199108184625,True,1,1,46.94625,44.80625
cooc,Kaikaku/epicure-cooc,03edd311adde6e39a2eb6f9f3fa78f7396be6b53,panel_1,fb-executable-pairing-035,pairing,0.2342447026657553,0.27542326805895306,True,1,1,45.060178571428565,40.71642857142857
cooc,Kaikaku/epicure-cooc,03edd311adde6e39a2eb6f9f3fa78f7396be6b53,panel_1,fb-executable-pairing-010,pairing,0.2665755297334245,0.4037762348932598,True,1,1,38.94732142857143,47.68214285714285
cooc,Kaikaku/epicure-cooc,03edd311adde6e39a2eb6f9f3fa78f7396be6b53,panel_1,fb-executable-pairing-060,pairing,0.583732057416268,0.6556260118846189,True,1,1,43.22053571428572,43.61785714285715
cooc,Kaikaku/epicure-cooc,03edd311adde6e39a2eb6f9f3fa78f7396be6b53,panel_1,fb-executable-pairing-016,pairing,0.659102172040389,0.6620125714915991,False,1,1,45.63375,45.88482142857143
cooc,Kaikaku/epicure-cooc,03edd311adde6e39a2eb6f9f3fa78f7396be6b53,panel_1,fb-executable-pairing-107,pairing,0.931784005468216,0.9405911696344492,True,1,1,40.668214285714285,32.050357142857145
cooc,Kaikaku/epicure-cooc,03edd311adde6e39a2eb6f9f3fa78f7396be6b53,panel_1,fb-executable-pairing-144,pairing,0.8165894838766407,0.8529338881095719,False,1,1,40.355,42.41178571428571
cooc,Kaikaku/epicure-cooc,03edd311adde6e39a2eb6f9f3fa78f7396be6b53,panel_1,fb-executable-pairing-009,pairing,0.6513328776486672,0.6682479711420855,False,1,1,53.82107142857143,47.50857142857143
cooc,Kaikaku/epicure-cooc,03edd311adde6e39a2eb6f9f3fa78f7396be6b53,panel_1,fb-executable-pairing-110,pairing,0.6860560492139439,0.7281190516735166,False,1,1,50.24142857142857,50.70946428571428
cooc,Kaikaku/epicure-cooc,03edd311adde6e39a2eb6f9f3fa78f7396be6b53,panel_1,fb-executable-pairing-140,pairing,0.7080656185919344,0.7186455258152821,True,1,1,45.38267857142857,52.04571428571428
cooc,Kaikaku/epicure-cooc,03edd311adde6e39a2eb6f9f3fa78f7396be6b53,panel_1,fb-executable-pairing-052,pairing,0.5876281613123719,0.5974199218069522,False,1,1,45.16303571428571,44.06875
cooc,Kaikaku/epicure-cooc,03edd311adde6e39a2eb6f9f3fa78f7396be6b53,panel_1,fb-executable-pairing-019,pairing,0.9003229721576338,0.9111015062797463,True,1,1,44.40017857142857,49.869107142857146
cooc,Kaikaku/epicure-cooc,03edd311adde6e39a2eb6f9f3fa78f7396be6b53,panel_1,fb-executable-pairing-097,pairing,0.6871496924128503,0.6936040588194807,True,1,1,44.70517857142857,44.48875
cooc,Kaikaku/epicure-cooc,03edd311adde6e39a2eb6f9f3fa78f7396be6b53,panel_1,fb-executable-pairing-092,pairing,0.7600136705399864,0.7796823768702565,False,1,1,49.49910714285715,43.643035714285716
cooc,Kaikaku/epicure-cooc,03edd311adde6e39a2eb6f9f3fa78f7396be6b53,panel_1,fb-executable-pairing-045,pairing,0.28236500341763504,0.2812014826894927,False,1,1,40.895,44.723214285714285
cooc,Kaikaku/epicure-cooc,03edd311adde6e39a2eb6f9f3fa78f7396be6b53,panel_1,fb-executable-pairing-071,pairing,0.738755980861244,0.7584155375010896,True,1,1,39.230714285714285,47.02910714285715
cooc,Kaikaku/epicure-cooc,03edd311adde6e39a2eb6f9f3fa78f7396be6b53,panel_1,fb-executable-pairing-131,pairing,0.7242092312956102,0.7554508832640326,False,1,1,51.65625,48.5
cooc,Kaikaku/epicure-cooc,03edd311adde6e39a2eb6f9f3fa78f7396be6b53,panel_1,fb-executable-pairing-093,pairing,0.9313055365686945,0.9219491226890545,False,1,1,43.93071428571429,48.231428571428566
cooc,Kaikaku/epicure-cooc,03edd311adde6e39a2eb6f9f3fa78f7396be6b53,panel_1,fb-executable-pairing-116,pairing,0.9348598769651402,0.9487368923385624,False,1,1,41.78392857142857,41.651071428571434
cooc,Kaikaku/epicure-cooc,03edd311adde6e39a2eb6f9f3fa78f7396be6b53,panel_1,fb-executable-pairing-029,pairing,0.5419685577580314,0.5970060922262909,False,1,1,44.52375,46.824464285714285
cooc,Kaikaku/epicure-cooc,03edd311adde6e39a2eb6f9f3fa78f7396be6b53,panel_1,fb-executable-pairing-001,pairing,0.8032946565536584,0.8142536072711447,False,1,1,52.025535714285716,50.845
cooc,Kaikaku/epicure-cooc,03edd311adde6e39a2eb6f9f3fa78f7396be6b53,panel_1,fb-executable-pairing-130,pairing,0.8280246069719754,0.853627989717384,False,1,1,44.60892857142857,38.38196428571428
cooc,Kaikaku/epicure-cooc,03edd311adde6e39a2eb6f9f3fa78f7396be6b53,panel_1,fb-executable-pairing-051,pairing,0.6412850307587149,0.6781741949535696,False,1,1,38.447857142857146,52.69464285714285
cooc,Kaikaku/epicure-cooc,03edd311adde6e39a2eb6f9f3fa78f7396be6b53,panel_1,fb-executable-pairing-039,pairing,0.7996582365003417,0.8152401817791507,False,1,1,48.64982142857143,41.543928571428566
cooc,Kaikaku/epicure-cooc,03edd311adde6e39a2eb6f9f3fa78f7396be6b53,panel_1,fb-executable-pairing-025,pairing,0.618591934381408,0.6551229749227637,True,1,1,52.94446428571428,53.55517857142857
cooc,Kaikaku/epicure-cooc,03edd311adde6e39a2eb6f9f3fa78f7396be6b53,panel_1,fb-executable-pairing-124,pairing,0.8965140123034862,0.9024366492765413,False,1,1,38.815892857142856,40.79696428571428
cooc,Kaikaku/epicure-cooc,03edd311adde6e39a2eb6f9f3fa78f7396be6b53,panel_1,fb-executable-pairing-026,pairing,0.43014354066985644,0.40748428593094826,False,1,1,43.30303571428571,55.41910714285714
cooc,Kaikaku/epicure-cooc,03edd311adde6e39a2eb6f9f3fa78f7396be6b53,panel_1,fb-executable-pairing-043,pairing,0.6436773752563226,0.6633706993477859,True,1,1,43.096607142857145,48.80464285714285
cooc,Kaikaku/epicure-cooc,03edd311adde6e39a2eb6f9f3fa78f7396be6b53,panel_1,fb-executable-pairing-006,pairing,0.6907500129172052,0.7234104948453017,False,1,1,44.99946428571428,40.698928571428574
cooc,Kaikaku/epicure-cooc,03edd311adde6e39a2eb6f9f3fa78f7396be6b53,panel_1,fb-executable-pairing-083,pairing,0.8614296212744622,0.872390239615239,True,1,1,37.42803571428571,48.73517857142857
cooc,Kaikaku/epicure-cooc,03edd311adde6e39a2eb6f9f3fa78f7396be6b53,panel_1,fb-executable-pairing-017,pairing,0.32617908407382096,0.30565419281309536,False,1,1,42.42875,52.75892857142857
cooc,Kaikaku/epicure-cooc,03edd311adde6e39a2eb6f9f3fa78f7396be6b53,panel_1,fb-executable-pairing-056,pairing,0.8892686261107314,0.8944815837286199,True,1,1,40.652321428571426,48.92178571428572
cooc,Kaikaku/epicure-cooc,03edd311adde6e39a2eb6f9f3fa78f7396be6b53,panel_1,fb-executable-pairing-138,pairing,0.6413533834586467,0.6652993722552036,False,1,1,48.39803571428572,54.92232142857143
cooc,Kaikaku/epicure-cooc,03edd311adde6e39a2eb6f9f3fa78f7396be6b53,panel_1,fb-executable-pairing-018,pairing,0.531989063568011,0.5709313058093551,False,1,1,51.035535714285714,49.00946428571429
cooc,Kaikaku/epicure-cooc,03edd311adde6e39a2eb6f9f3fa78f7396be6b53,panel_1,fb-executable-pairing-065,pairing,0.7773752563226248,0.8312824882088277,False,1,1,51.129107142857144,57.4025
cooc,Kaikaku/epicure-cooc,03edd311adde6e39a2eb6f9f3fa78f7396be6b53,panel_1,fb-executable-pairing-005,pairing,0.26308954203691054,0.3046435576073442,False,1,1,38.840714285714284,50.99214285714285
cooc,Kaikaku/epicure-cooc,03edd311adde6e39a2eb6f9f3fa78f7396be6b53,panel_1,fb-executable-pairing-042,pairing,0.8203831235497795,0.8285258568819993,False,1,1,42.45125,47.597857142857144
cooc,Kaikaku/epicure-cooc,03edd311adde6e39a2eb6f9f3fa78f7396be6b53,panel_1,fb-executable-pairing-099,pairing,0.8926179084073822,0.9083181044709038,True,1,1,39.98517857142858,41.67357142857143
cooc,Kaikaku/epicure-cooc,03edd311adde6e39a2eb6f9f3fa78f7396be6b53,panel_1,fb-executable-constraint-158,constraint,0.6220825852782764,0.5149592530742986,False,1,1,4.451607142857143,4.749821428571428
cooc,Kaikaku/epicure-cooc,03edd311adde6e39a2eb6f9f3fa78f7396be6b53,panel_1,fb-executable-constraint-053,constraint,0.6225314183123878,0.1764169158781674,False,1,1,2.4264285714285716,3.30625
cooc,Kaikaku/epicure-cooc,03edd311adde6e39a2eb6f9f3fa78f7396be6b53,panel_1,fb-executable-constraint-103,constraint,0.9995511669658885,0.962132791829544,False,1,1,3.4205357142857142,4.012321428571428
cooc,Kaikaku/epicure-cooc,03edd311adde6e39a2eb6f9f3fa78f7396be6b53,panel_1,fb-executable-constraint-013,constraint,0.6593357271095152,0.544079680043959,False,1,1,2.7810714285714284,2.8676785714285717
cooc,Kaikaku/epicure-cooc,03edd311adde6e39a2eb6f9f3fa78f7396be6b53,panel_1,fb-executable-constraint-095,constraint,0.9995511669658885,0.9907297805213718,False,1,1,3.6505357142857147,3.5842857142857145
cooc,Kaikaku/epicure-cooc,03edd311adde6e39a2eb6f9f3fa78f7396be6b53,panel_1,fb-executable-constraint-052,constraint,0.9999999999999999,0.9586453113267416,True,1,1,3.7439285714285715,3.1051785714285716
cooc,Kaikaku/epicure-cooc,03edd311adde6e39a2eb6f9f3fa78f7396be6b53,panel_1,fb-executable-constraint-004,constraint,0.9995511669658885,0.9018553104154095,False,1,1,3.0560714285714283,3.7021428571428574
cooc,Kaikaku/epicure-cooc,03edd311adde6e39a2eb6f9f3fa78f7396be6b53,panel_1,fb-executable-constraint-036,constraint,0.9995511669658885,0.8728587365724866,True,1,1,3.924642857142857,3.5935714285714284
cooc,Kaikaku/epicure-cooc,03edd311adde6e39a2eb6f9f3fa78f7396be6b53,panel_1,fb-executable-constraint-128,constraint,0.6463195691202871,0.4746249425696155,False,1,1,4.677321428571428,2.8771428571428572
cooc,Kaikaku/epicure-cooc,03edd311adde6e39a2eb6f9f3fa78f7396be6b53,panel_1,fb-executable-constraint-114,constraint,0.9999999999999999,0.91561188512194,True,1,1,3.01375,4.612321428571429
cooc,Kaikaku/epicure-cooc,03edd311adde6e39a2eb6f9f3fa78f7396be6b53,panel_1,fb-executable-constraint-017,constraint,0.9999999999999999,0.9808349599097694,True,1,1,2.239642857142857,2.6617857142857146
cooc,Kaikaku/epicure-cooc,03edd311adde6e39a2eb6f9f3fa78f7396be6b53,panel_1,fb-executable-constraint-154,constraint,0.6481149012567324,0.8535840749480709,True,1,1,2.0828571428571427,3.245357142857143
cooc,Kaikaku/epicure-cooc,03edd311adde6e39a2eb6f9f3fa78f7396be6b53,panel_1,fb-executable-constraint-150,constraint,0.9999999999999999,0.9775378677865415,True,1,1,3.1191071428571426,3.8660714285714284
cooc,Kaikaku/epicure-cooc,03edd311adde6e39a2eb6f9f3fa78f7396be6b53,panel_1,fb-executable-constraint-062,constraint,0.6728007181328545,0.937390823880185,True,1,1,2.5508928571428573,3.3930357142857144
cooc,Kaikaku/epicure-cooc,03edd311adde6e39a2eb6f9f3fa78f7396be6b53,panel_1,fb-executable-constraint-064,constraint,0.6467684021543985,0.32161301209079673,False,1,1,2.4739285714285715,3.461607142857143
cooc,Kaikaku/epicure-cooc,03edd311adde6e39a2eb6f9f3fa78f7396be6b53,panel_1,fb-executable-constraint-088,constraint,0.6602333931777377,0.8815489733441553,True,1,1,2.0028571428571427,3.2108928571428574
cooc,Kaikaku/epicure-cooc,03edd311adde6e39a2eb6f9f3fa78f7396be6b53,panel_1,fb-executable-constraint-146,constraint,0.6481149012567324,0.6804089293246581,True,1,1,2.8403571428571426,3.87125
cooc,Kaikaku/epicure-cooc,03edd311adde6e39a2eb6f9f3fa78f7396be6b53,panel_1,fb-executable-constraint-009,constraint,0.9995511669658885,0.8310116798789176,False,1,1,4.15375,2.9614285714285717
cooc,Kaikaku/epicure-cooc,03edd311adde6e39a2eb6f9f3fa78f7396be6b53,panel_1,fb-executable-constraint-071,constraint,0.998653500897666,0.8882985226038679,False,1,1,3.3692857142857147,4.568214285714285
cooc,Kaikaku/epicure-cooc,03edd311adde6e39a2eb6f9f3fa78f7396be6b53,panel_1,fb-executable-constraint-066,constraint,0.6342010771992819,0.49514181218029296,False,1,1,4.591964285714286,3.9635714285714285
cooc,Kaikaku/epicure-cooc,03edd311adde6e39a2eb6f9f3fa78f7396be6b53,panel_1,fb-executable-constraint-133,constraint,0.6593357271095152,0.6822716376810676,False,1,1,3.052142857142857,3.545
cooc,Kaikaku/epicure-cooc,03edd311adde6e39a2eb6f9f3fa78f7396be6b53,panel_1,fb-executable-constraint-125,constraint,0.6467684021543985,0.5678526292805489,False,1,1,4.453392857142857,3.9605357142857143
cooc,Kaikaku/epicure-cooc,03edd311adde6e39a2eb6f9f3fa78f7396be6b53,panel_1,fb-executable-constraint-143,constraint,0.6481149012567324,0.7972490493528346,True,1,1,2.94375,2.7967857142857144
cooc,Kaikaku/epicure-cooc,03edd311adde6e39a2eb6f9f3fa78f7396be6b53,panel_1,fb-executable-constraint-074,constraint,0.998653500897666,0.7242870588872936,False,1,1,2.876071428571428,3.0942857142857143
cooc,Kaikaku/epicure-cooc,03edd311adde6e39a2eb6f9f3fa78f7396be6b53,panel_1,fb-executable-constraint-029,constraint,0.9999999999999999,0.9726661185308078,True,1,1,3.1328571428571426,2.494464285714286
cooc,Kaikaku/epicure-cooc,03edd311adde6e39a2eb6f9f3fa78f7396be6b53,panel_1,fb-executable-constraint-007,constraint,0.998653500897666,0.749930239315918,False,1,1,3.9433928571428574,3.719642857142857
cooc,Kaikaku/epicure-cooc,03edd311adde6e39a2eb6f9f3fa78f7396be6b53,panel_1,fb-executable-constraint-132,constraint,0.9995511669658885,0.9860204502417929,False,1,1,4.445892857142857,3.9848214285714283
cooc,Kaikaku/epicure-cooc,03edd311adde6e39a2eb6f9f3fa78f7396be6b53,panel_1,fb-executable-constraint-087,constraint,0.9999999999999999,0.980685695614099,True,1,1,3.4951785714285717,3.2880357142857144
cooc,Kaikaku/epicure-cooc,03edd311adde6e39a2eb6f9f3fa78f7396be6b53,panel_1,fb-executable-constraint-105,constraint,0.9982046678635548,0.7836765153387473,False,1,1,3.6769642857142855,4.4225
cooc,Kaikaku/epicure-cooc,03edd311adde6e39a2eb6f9f3fa78f7396be6b53,panel_1,fb-executable-constraint-058,constraint,0.9982046678635548,0.8821610419570408,False,1,1,3.3548214285714284,5.18875
cooc,Kaikaku/epicure-cooc,03edd311adde6e39a2eb6f9f3fa78f7396be6b53,panel_1,fb-executable-constraint-144,constraint,0.6350987432675045,0.46873835564962363,False,1,1,3.6414285714285715,3.1585714285714284
cooc,Kaikaku/epicure-cooc,03edd311adde6e39a2eb6f9f3fa78f7396be6b53,panel_1,fb-executable-constraint-106,constraint,0.6350987432675045,0.512291683321257,False,1,1,3.2569642857142855,3.7219642857142854
cooc,Kaikaku/epicure-cooc,03edd311adde6e39a2eb6f9f3fa78f7396be6b53,panel_1,fb-executable-constraint-097,constraint,0.6723518850987432,0.8126872152431419,False,1,1,4.159642857142857,4.883035714285715
cooc,Kaikaku/epicure-cooc,03edd311adde6e39a2eb6f9f3fa78f7396be6b53,panel_1,fb-executable-constraint-003,constraint,0.6481149012567324,0.6525598337778822,True,1,1,4.8167857142857144,4.35
cooc,Kaikaku/epicure-cooc,03edd311adde6e39a2eb6f9f3fa78f7396be6b53,panel_1,fb-executable-constraint-010,constraint,0.6467684021543985,0.46984837986026656,False,1,1,3.5658928571428574,3.0675
cooc,Kaikaku/epicure-cooc,03edd311adde6e39a2eb6f9f3fa78f7396be6b53,panel_1,fb-executable-constraint-078,constraint,0.6472172351885097,0.650337430816708,False,1,1,4.052678571428571,3.5107142857142857
cooc,Kaikaku/epicure-cooc,03edd311adde6e39a2eb6f9f3fa78f7396be6b53,panel_1,fb-executable-constraint-045,constraint,0.998653500897666,0.5398055863090895,False,1,1,2.280357142857143,3.3203571428571426
cooc,Kaikaku/epicure-cooc,03edd311adde6e39a2eb6f9f3fa78f7396be6b53,panel_1,fb-executable-constraint-080,constraint,0.9999999999999999,0.9964717309174826,True,1,1,2.6355357142857145,2.688571428571428
cooc,Kaikaku/epicure-cooc,03edd311adde6e39a2eb6f9f3fa78f7396be6b53,panel_1,fb-executable-constraint-113,constraint,0.6472172351885097,0.42328458217895276,False,1,1,2.3217857142857143,3.095178571428572
cooc,Kaikaku/epicure-cooc,03edd311adde6e39a2eb6f9f3fa78f7396be6b53,panel_1,fb-executable-constraint-005,constraint,0.6350987432675045,0.5068216345239853,False,1,1,3.720357142857143,4.363571428571428
cooc,Kaikaku/epicure-cooc,03edd311adde6e39a2eb6f9f3fa78f7396be6b53,panel_1,fb-executable-constraint-110,constraint,0.9999999999999999,0.9678645947753878,True,1,1,3.625892857142857,3.165
cooc,Kaikaku/epicure-cooc,03edd311adde6e39a2eb6f9f3fa78f7396be6b53,panel_1,fb-executable-constraint-069,constraint,0.6472172351885097,0.6385309998681867,False,1,1,4.100535714285715,3.8169642857142856
cooc,Kaikaku/epicure-cooc,03edd311adde6e39a2eb6f9f3fa78f7396be6b53,panel_1,fb-executable-constraint-075,constraint,0.9999999999999999,0.9957151512670254,True,1,1,3.645892857142857,3.3217857142857143
cooc,Kaikaku/epicure-cooc,03edd311adde6e39a2eb6f9f3fa78f7396be6b53,panel_1,fb-executable-constraint-121,constraint,0.6723518850987432,0.9263472296100684,False,1,1,3.1646428571428573,3.5292857142857144
cooc,Kaikaku/epicure-cooc,03edd311adde6e39a2eb6f9f3fa78f7396be6b53,panel_1,fb-executable-constraint-077,constraint,0.6593357271095152,0.5561168525448188,False,1,1,3.669642857142857,2.7239285714285715
cooc,Kaikaku/epicure-cooc,03edd311adde6e39a2eb6f9f3fa78f7396be6b53,panel_1,fb-executable-constraint-134,constraint,0.9995511669658885,0.9144487932796697,False,1,1,3.0603571428571428,3.5226785714285715
cooc,Kaikaku/epicure-cooc,03edd311adde6e39a2eb6f9f3fa78f7396be6b53,panel_1,fb-executable-constraint-039,constraint,0.6350987432675045,0.3991751823802607,False,1,1,4.6153571428571425,3.4632142857142854
cooc,Kaikaku/epicure-cooc,03edd311adde6e39a2eb6f9f3fa78f7396be6b53,panel_1,fb-executable-constraint-026,constraint,0.6602333931777377,0.8041841364733462,True,1,1,2.03375,3.5516071428571427
cooc,Kaikaku/epicure-cooc,03edd311adde6e39a2eb6f9f3fa78f7396be6b53,panel_1,fb-executable-constraint-031,constraint,0.9995511669658885,0.9046982291670961,False,1,1,3.416071428571428,5.041785714285714
cooc,Kaikaku/epicure-cooc,03edd311adde6e39a2eb6f9f3fa78f7396be6b53,panel_1,fb-executable-constraint-153,constraint,0.998653500897666,0.7655053103119267,False,1,1,4.166964285714285,3.6935714285714285
cooc,Kaikaku/epicure-cooc,03edd311adde6e39a2eb6f9f3fa78f7396be6b53,panel_1,fb-executable-constraint-079,constraint,0.6593357271095152,0.23268864135591144,False,1,1,2.149285714285714,2.3555357142857143
cooc,Kaikaku/epicure-cooc,03edd311adde6e39a2eb6f9f3fa78f7396be6b53,panel_1,fb-executable-constraint-032,constraint,0.6467684021543985,0.6369849142247956,False,1,1,2.419821428571429,4.719821428571429
cooc,Kaikaku/epicure-cooc,03edd311adde6e39a2eb6f9f3fa78f7396be6b53,panel_1,fb-executable-constraint-059,constraint,0.6723518850987432,0.8799987545057707,False,1,1,4.222678571428571,3.092857142857143
cooc,Kaikaku/epicure-cooc,03edd311adde6e39a2eb6f9f3fa78f7396be6b53,panel_1,fb-executable-constraint-084,constraint,0.9999999999999999,0.9499521168483869,True,1,1,3.0919642857142855,4.176071428571428
cooc,Kaikaku/epicure-cooc,03edd311adde6e39a2eb6f9f3fa78f7396be6b53,panel_1,fb-executable-constraint-021,constraint,0.9999999999999999,0.9773285061468564,True,1,1,3.6369642857142854,2.8942857142857146
cooc,Kaikaku/epicure-cooc,03edd311adde6e39a2eb6f9f3fa78f7396be6b53,panel_1,fb-executable-constraint-089,constraint,0.998653500897666,0.9437479430295774,False,1,1,4.135178571428572,4.172142857142857
cooc,Kaikaku/epicure-cooc,03edd311adde6e39a2eb6f9f3fa78f7396be6b53,panel_1,fb-executable-constraint-040,constraint,0.6463195691202871,0.4367778100051491,False,1,1,3.8351785714285715,2.81
cooc,Kaikaku/epicure-cooc,03edd311adde6e39a2eb6f9f3fa78f7396be6b53,panel_1,fb-executable-constraint-054,constraint,0.9995511669658885,0.9557101699343187,False,1,1,3.2496428571428573,4.030714285714286
cooc,Kaikaku/epicure-cooc,03edd311adde6e39a2eb6f9f3fa78f7396be6b53,panel_1,fb-executable-constraint-060,constraint,0.6472172351885097,0.5134972521710683,False,1,1,2.9864285714285717,3.1782142857142857
cooc,Kaikaku/epicure-cooc,03edd311adde6e39a2eb6f9f3fa78f7396be6b53,panel_1,fb-executable-constraint-147,constraint,0.6350987432675045,0.29870549316368733,False,1,1,2.8105357142857144,3.4307142857142856
cooc,Kaikaku/epicure-cooc,03edd311adde6e39a2eb6f9f3fa78f7396be6b53,panel_1,fb-executable-constraint-014,constraint,0.9999999999999999,0.9964003194228904,True,1,1,2.8910714285714283,2.63625
cooc,Kaikaku/epicure-cooc,03edd311adde6e39a2eb6f9f3fa78f7396be6b53,panel_1,fb-executable-constraint-109,constraint,0.6342010771992819,0.31023691427900557,False,1,1,2.9330357142857144,3.37
cooc,Kaikaku/epicure-cooc,03edd311adde6e39a2eb6f9f3fa78f7396be6b53,panel_1,fb-executable-constraint-023,constraint,0.6593357271095152,0.6589624228032559,False,1,1,4.4025,2.8044642857142854
cooc,Kaikaku/epicure-cooc,03edd311adde6e39a2eb6f9f3fa78f7396be6b53,panel_1,fb-executable-constraint-008,constraint,0.6602333931777377,0.9391892369732378,True,1,1,1.9875,2.703392857142857
cooc,Kaikaku/epicure-cooc,03edd311adde6e39a2eb6f9f3fa78f7396be6b53,panel_1,fb-executable-constraint-015,constraint,0.9982046678635548,0.8663001417439407,False,1,1,4.095,4.309285714285714
cooc,Kaikaku/epicure-cooc,03edd311adde6e39a2eb6f9f3fa78f7396be6b53,panel_1,fb-executable-constraint-033,constraint,0.6593357271095152,0.7626535307441674,False,1,1,3.8066071428571426,2.94875
cooc,Kaikaku/epicure-cooc,03edd311adde6e39a2eb6f9f3fa78f7396be6b53,panel_1,fb-executable-constraint-140,constraint,0.9995511669658885,0.9673442427660524,True,1,1,3.782142857142857,3.0394642857142857
cooc,Kaikaku/epicure-cooc,03edd311adde6e39a2eb6f9f3fa78f7396be6b53,panel_1,fb-executable-constraint-082,constraint,0.9999999999999999,0.9809465988532279,True,1,1,3.356607142857143,2.8151785714285715
cooc,Kaikaku/epicure-cooc,03edd311adde6e39a2eb6f9f3fa78f7396be6b53,panel_1,fb-executable-constraint-050,constraint,0.998653500897666,0.5633861180442081,False,1,1,3.064107142857143,3.043392857142857
cooc,Kaikaku/epicure-cooc,03edd311adde6e39a2eb6f9f3fa78f7396be6b53,panel_1,fb-executable-constraint-151,constraint,0.9982046678635548,0.6811802061219066,False,1,1,4.746607142857143,2.6644642857142857
cooc,Kaikaku/epicure-cooc,03edd311adde6e39a2eb6f9f3fa78f7396be6b53,panel_1,fb-executable-constraint-138,constraint,0.9999999999999999,0.9729905346212292,True,1,1,3.287857142857143,3.9957142857142856
cooc,Kaikaku/epicure-cooc,03edd311adde6e39a2eb6f9f3fa78f7396be6b53,panel_1,fb-executable-constraint-111,constraint,0.6481149012567324,0.8380931614570394,True,1,1,2.36875,2.771428571428572
cooc,Kaikaku/epicure-cooc,03edd311adde6e39a2eb6f9f3fa78f7396be6b53,panel_1,fb-executable-constraint-117,constraint,0.9999999999999999,0.9951524928178926,True,1,1,3.237857142857143,2.9435714285714285
cooc,Kaikaku/epicure-cooc,03edd311adde6e39a2eb6f9f3fa78f7396be6b53,panel_1,fb-executable-constraint-086,constraint,0.6728007181328545,0.9621004147171185,True,1,1,3.4017857142857144,3.109107142857143
cooc,Kaikaku/epicure-cooc,03edd311adde6e39a2eb6f9f3fa78f7396be6b53,panel_1,fb-executable-constraint-085,constraint,0.6593357271095152,0.6519245814739939,False,1,1,3.3619642857142855,3.1728571428571426
cooc,Kaikaku/epicure-cooc,03edd311adde6e39a2eb6f9f3fa78f7396be6b53,panel_1,fb-executable-constraint-142,constraint,0.9982046678635548,0.9440110182249698,False,1,1,4.307142857142857,4.847142857142857
cooc,Kaikaku/epicure-cooc,03edd311adde6e39a2eb6f9f3fa78f7396be6b53,panel_1,fb-executable-constraint-049,constraint,0.9995511669658885,0.6974397915321459,False,1,1,3.2192857142857143,2.844821428571428
cooc,Kaikaku/epicure-cooc,03edd311adde6e39a2eb6f9f3fa78f7396be6b53,panel_1,fb-executable-constraint-136,constraint,0.6728007181328545,0.8411324106549576,True,1,1,4.542321428571428,2.9414285714285717
cooc,Kaikaku/epicure-cooc,03edd311adde6e39a2eb6f9f3fa78f7396be6b53,panel_1,fb-executable-constraint-020,constraint,0.9999999999999999,0.9471292238800526,True,1,1,3.9869642857142855,4.520714285714286
cooc,Kaikaku/epicure-cooc,03edd311adde6e39a2eb6f9f3fa78f7396be6b53,panel_1,fb-executable-constraint-107,constraint,0.998653500897666,0.9865180679577783,False,1,1,5.198392857142856,4.565357142857143
cooc,Kaikaku/epicure-cooc,03edd311adde6e39a2eb6f9f3fa78f7396be6b53,panel_1,fb-executable-constraint-100,constraint,0.9995511669658885,0.9028792898924217,True,1,1,3.36625,3.8155357142857143
cooc,Kaikaku/epicure-cooc,03edd311adde6e39a2eb6f9f3fa78f7396be6b53,panel_1,fb-executable-constraint-072,constraint,0.9995511669658885,0.8881410452885078,False,1,1,3.4628571428571426,2.936071428571428
cooc,Kaikaku/epicure-cooc,03edd311adde6e39a2eb6f9f3fa78f7396be6b53,panel_1,fb-executable-constraint-112,constraint,0.6728007181328545,0.801289190781492,True,1,1,3.370892857142857,2.01875
cooc,Kaikaku/epicure-cooc,03edd311adde6e39a2eb6f9f3fa78f7396be6b53,panel_1,fb-executable-constraint-145,constraint,0.9999999999999999,0.9678614340679389,True,1,1,2.6476785714285715,3.361607142857143
cooc,Kaikaku/epicure-cooc,03edd311adde6e39a2eb6f9f3fa78f7396be6b53,panel_1,fb-executable-constraint-108,constraint,0.9995511669658885,0.9342442794302259,True,1,1,3.168392857142857,3.7957142857142854
cooc,Kaikaku/epicure-cooc,03edd311adde6e39a2eb6f9f3fa78f7396be6b53,panel_1,fb-executable-constraint-115,constraint,0.6723518850987432,0.8813222273912414,False,1,1,3.775,3.5105357142857145
cooc,Kaikaku/epicure-cooc,03edd311adde6e39a2eb6f9f3fa78f7396be6b53,panel_1,fb-executable-constraint-157,constraint,0.6602333931777377,0.814292460959274,True,1,1,3.6455357142857143,2.048928571428571
cooc,Kaikaku/epicure-cooc,03edd311adde6e39a2eb6f9f3fa78f7396be6b53,panel_1,fb-executable-constraint-152,constraint,0.9995511669658885,0.9773863696401737,False,1,1,3.90375,3.695178571428572
cooc,Kaikaku/epicure-cooc,03edd311adde6e39a2eb6f9f3fa78f7396be6b53,panel_1,fb-executable-constraint-101,constraint,0.998653500897666,0.9766811299906745,False,1,1,4.841607142857143,4.485357142857143
cooc,Kaikaku/epicure-cooc,03edd311adde6e39a2eb6f9f3fa78f7396be6b53,panel_2,fb-executable-rep2-substitution-051,substitution,0.7820915926179085,0.8238484921304158,False,1,1,38.09196428571428,41.50946428571429
cooc,Kaikaku/epicure-cooc,03edd311adde6e39a2eb6f9f3fa78f7396be6b53,panel_2,fb-executable-rep2-substitution-070,substitution,0.7477785372522215,0.7940734997158682,False,1,1,50.69553571428572,52.10821428571428
cooc,Kaikaku/epicure-cooc,03edd311adde6e39a2eb6f9f3fa78f7396be6b53,panel_2,fb-executable-rep2-substitution-057,substitution,0.7462747778537252,0.7785165935727273,True,1,1,49.40428571428571,51.075178571428566
cooc,Kaikaku/epicure-cooc,03edd311adde6e39a2eb6f9f3fa78f7396be6b53,panel_2,fb-executable-rep2-substitution-009,substitution,0.4518532443114329,0.4727068360583348,False,1,1,54.60035714285715,44.708214285714284
cooc,Kaikaku/epicure-cooc,03edd311adde6e39a2eb6f9f3fa78f7396be6b53,panel_2,fb-executable-rep2-substitution-116,substitution,0.864935064935065,0.8753099829353829,True,1,1,42.67053571428571,41.82785714285715
cooc,Kaikaku/epicure-cooc,03edd311adde6e39a2eb6f9f3fa78f7396be6b53,panel_2,fb-executable-rep2-substitution-084,substitution,0.3093354295637833,0.4125416489861644,False,1,1,36.45178571428571,41.769642857142856
cooc,Kaikaku/epicure-cooc,03edd311adde6e39a2eb6f9f3fa78f7396be6b53,panel_2,fb-executable-rep2-substitution-031,substitution,0.1585099111414901,0.12520740613858922,False,1,1,50.14946428571429,47.77964285714285
cooc,Kaikaku/epicure-cooc,03edd311adde6e39a2eb6f9f3fa78f7396be6b53,panel_2,fb-executable-rep2-substitution-005,substitution,0.8897281226200388,0.8904549647293273,True,1,1,46.277857142857144,56.18678571428572
cooc,Kaikaku/epicure-cooc,03edd311adde6e39a2eb6f9f3fa78f7396be6b53,panel_2,fb-executable-rep2-substitution-123,substitution,0.648462064251538,0.77436899086658,False,1,1,46.208214285714284,43.73535714285715
cooc,Kaikaku/epicure-cooc,03edd311adde6e39a2eb6f9f3fa78f7396be6b53,panel_2,fb-executable-rep2-substitution-035,substitution,0.5679425837320574,0.5736332590490443,False,1,1,48.99160714285715,51.98464285714285
cooc,Kaikaku/epicure-cooc,03edd311adde6e39a2eb6f9f3fa78f7396be6b53,panel_2,fb-executable-rep2-substitution-050,substitution,0.6534518113465482,0.656060024428399,False,1,1,46.801785714285714,48.18964285714285
cooc,Kaikaku/epicure-cooc,03edd311adde6e39a2eb6f9f3fa78f7396be6b53,panel_2,fb-executable-rep2-substitution-091,substitution,0.8443069773443489,0.8294998856538408,True,1,1,41.081964285714285,47.613392857142856
cooc,Kaikaku/epicure-cooc,03edd311adde6e39a2eb6f9f3fa78f7396be6b53,panel_2,fb-executable-rep2-substitution-068,substitution,0.493241511376038,0.506758809996198,True,1,1,45.019464285714285,51.831785714285715
cooc,Kaikaku/epicure-cooc,03edd311adde6e39a2eb6f9f3fa78f7396be6b53,panel_2,fb-executable-rep2-substitution-151,substitution,0.7129308430781702,0.7247504296123771,False,1,1,46.60875,46.75642857142857
cooc,Kaikaku/epicure-cooc,03edd311adde6e39a2eb6f9f3fa78f7396be6b53,panel_2,fb-executable-rep2-substitution-080,substitution,0.6551718246312811,0.6735781232962076,False,1,1,40.614285714285714,52.57089285714285
cooc,Kaikaku/epicure-cooc,03edd311adde6e39a2eb6f9f3fa78f7396be6b53,panel_2,fb-executable-rep2-substitution-089,substitution,0.8431989063568012,0.8746393469363513,True,1,1,38.80267857142857,43.32267857142857
cooc,Kaikaku/epicure-cooc,03edd311adde6e39a2eb6f9f3fa78f7396be6b53,panel_2,fb-executable-rep2-substitution-072,substitution,0.7910251372504435,0.7921010694441646,False,1,1,47.981964285714284,46.79571428571428
cooc,Kaikaku/epicure-cooc,03edd311adde6e39a2eb6f9f3fa78f7396be6b53,panel_2,fb-executable-rep2-substitution-122,substitution,0.91161995898838,0.9231211138933274,False,1,1,40.839464285714286,46.153928571428565
cooc,Kaikaku/epicure-cooc,03edd311adde6e39a2eb6f9f3fa78f7396be6b53,panel_2,fb-executable-rep2-substitution-125,substitution,0.4829542542443732,0.47288576880757566,False,1,1,46.263214285714284,55.9725
cooc,Kaikaku/epicure-cooc,03edd311adde6e39a2eb6f9f3fa78f7396be6b53,panel_2,fb-executable-rep2-substitution-023,substitution,0.873479152426521,0.888322131276179,False,1,1,42.7925,47.33839285714285
cooc,Kaikaku/epicure-cooc,03edd311adde6e39a2eb6f9f3fa78f7396be6b53,panel_2,fb-executable-rep2-substitution-111,substitution,0.5622447411063748,0.5698641029349917,False,1,1,41.426964285714284,47.51767857142857
cooc,Kaikaku/epicure-cooc,03edd311adde6e39a2eb6f9f3fa78f7396be6b53,panel_2,fb-executable-rep2-substitution-102,substitution,0.7694936688353309,0.7584647203216204,False,1,1,50.59982142857143,48.50928571428572
cooc,Kaikaku/epicure-cooc,03edd311adde6e39a2eb6f9f3fa78f7396be6b53,panel_2,fb-executable-rep2-substitution-007,substitution,0.5496924128503076,0.5282571436173323,False,1,1,55.50142857142857,49.5525
cooc,Kaikaku/epicure-cooc,03edd311adde6e39a2eb6f9f3fa78f7396be6b53,panel_2,fb-executable-rep2-substitution-014,substitution,0.7375256322624744,0.7481721582551478,False,1,1,49.965714285714284,42.38964285714285
cooc,Kaikaku/epicure-cooc,03edd311adde6e39a2eb6f9f3fa78f7396be6b53,panel_2,fb-executable-rep2-substitution-004,substitution,0.627136021872864,0.6290953006328347,False,1,1,52.130892857142854,53.44285714285715
cooc,Kaikaku/epicure-cooc,03edd311adde6e39a2eb6f9f3fa78f7396be6b53,panel_2,fb-executable-rep2-substitution-137,substitution,0.8887218045112782,0.9098431729076039,True,1,1,42.83232142857143,41.62982142857143
cooc,Kaikaku/epicure-cooc,03edd311adde6e39a2eb6f9f3fa78f7396be6b53,panel_2,fb-executable-rep2-substitution-138,substitution,0.8732057416267943,0.8887529992244096,True,1,1,39.472678571428574,42.71089285714285
cooc,Kaikaku/epicure-cooc,03edd311adde6e39a2eb6f9f3fa78f7396be6b53,panel_2,fb-executable-rep2-substitution-033,substitution,0.40997949419002055,0.5196503023834266,False,1,1,51.31464285714285,35.325535714285714
cooc,Kaikaku/epicure-cooc,03edd311adde6e39a2eb6f9f3fa78f7396be6b53,panel_2,fb-executable-rep2-substitution-148,substitution,0.9345340830838681,0.9374106096320167,True,1,1,49.69517857142857,52.97142857142857
cooc,Kaikaku/epicure-cooc,03edd311adde6e39a2eb6f9f3fa78f7396be6b53,panel_2,fb-executable-rep2-substitution-139,substitution,0.972658920027341,0.9746739034462838,True,1,1,43.56303571428572,43.333392857142854
cooc,Kaikaku/epicure-cooc,03edd311adde6e39a2eb6f9f3fa78f7396be6b53,panel_2,fb-executable-rep2-substitution-130,substitution,0.9361585782638414,0.9434557861017211,True,1,1,51.79410714285714,54.097857142857144
cooc,Kaikaku/epicure-cooc,03edd311adde6e39a2eb6f9f3fa78f7396be6b53,panel_2,fb-executable-rep2-substitution-126,substitution,0.744236914615064,0.7521166255917067,True,1,1,46.55357142857143,46.24821428571428
cooc,Kaikaku/epicure-cooc,03edd311adde6e39a2eb6f9f3fa78f7396be6b53,panel_2,fb-executable-rep2-substitution-017,substitution,0.6601274800601563,0.6736793000103496,False,1,1,43.745892857142856,46.950535714285714
cooc,Kaikaku/epicure-cooc,03edd311adde6e39a2eb6f9f3fa78f7396be6b53,panel_2,fb-executable-rep2-substitution-006,substitution,0.48851674641148324,0.5513632052624777,False,1,1,49.37660714285715,47.75357142857143
cooc,Kaikaku/epicure-cooc,03edd311adde6e39a2eb6f9f3fa78f7396be6b53,panel_2,fb-executable-rep2-substitution-063,substitution,0.6796992481203008,0.676285521434299,False,1,1,39.72714285714286,48.41303571428571
cooc,Kaikaku/epicure-cooc,03edd311adde6e39a2eb6f9f3fa78f7396be6b53,panel_2,fb-executable-rep2-substitution-147,substitution,0.8199589883800411,0.8269043600935139,False,1,1,47.24910714285715,48.73625
cooc,Kaikaku/epicure-cooc,03edd311adde6e39a2eb6f9f3fa78f7396be6b53,panel_2,fb-executable-rep2-substitution-081,substitution,0.590498974709501,0.620345788058842,False,1,1,46.91178571428571,55.54642857142857
cooc,Kaikaku/epicure-cooc,03edd311adde6e39a2eb6f9f3fa78f7396be6b53,panel_2,fb-executable-rep2-substitution-078,substitution,0.5781028384787752,0.5496669912834576,False,1,1,48.03125,44.50553571428571
cooc,Kaikaku/epicure-cooc,03edd311adde6e39a2eb6f9f3fa78f7396be6b53,panel_2,fb-executable-rep2-substitution-041,substitution,0.8796308954203692,0.8754448030535676,True,1,1,42.72821428571429,47.61607142857143
cooc,Kaikaku/epicure-cooc,03edd311adde6e39a2eb6f9f3fa78f7396be6b53,panel_2,fb-executable-rep2-substitution-131,substitution,0.8764866712235133,0.863101879810427,True,1,1,47.96696428571428,45.2575
cooc,Kaikaku/epicure-cooc,03edd311adde6e39a2eb6f9f3fa78f7396be6b53,panel_2,fb-executable-rep2-substitution-144,substitution,0.8445120389483024,0.8361248587291596,False,1,1,48.760357142857146,49.380178571428566
cooc,Kaikaku/epicure-cooc,03edd311adde6e39a2eb6f9f3fa78f7396be6b53,panel_2,fb-executable-rep2-substitution-040,substitution,0.7515379357484622,0.7826170502654262,True,1,1,43.57089285714285,43.98
cooc,Kaikaku/epicure-cooc,03edd311adde6e39a2eb6f9f3fa78f7396be6b53,panel_2,fb-executable-rep2-substitution-083,substitution,0.861449077238551,0.8730200053088719,False,1,1,43.699107142857144,47.81428571428572
cooc,Kaikaku/epicure-cooc,03edd311adde6e39a2eb6f9f3fa78f7396be6b53,panel_2,fb-executable-rep2-substitution-027,substitution,0.2648667122351333,0.30818954270849613,False,1,1,43.028035714285714,51.78982142857143
cooc,Kaikaku/epicure-cooc,03edd311adde6e39a2eb6f9f3fa78f7396be6b53,panel_2,fb-executable-rep2-substitution-074,substitution,0.7888585099111416,0.8064741149435647,False,1,1,45.22053571428572,50.192142857142855
cooc,Kaikaku/epicure-cooc,03edd311adde6e39a2eb6f9f3fa78f7396be6b53,panel_2,fb-executable-rep2-substitution-056,substitution,0.8088858509911142,0.8333950141803717,True,1,1,52.40071428571429,50.76767857142857
cooc,Kaikaku/epicure-cooc,03edd311adde6e39a2eb6f9f3fa78f7396be6b53,panel_2,fb-executable-rep2-substitution-025,substitution,0.6051948051948053,0.6030484672410908,False,1,1,46.21946428571428,42.791964285714286
cooc,Kaikaku/epicure-cooc,03edd311adde6e39a2eb6f9f3fa78f7396be6b53,panel_2,fb-executable-rep2-substitution-159,substitution,0.934670790819837,0.9496769695233154,False,1,1,40.191428571428574,38.64
cooc,Kaikaku/epicure-cooc,03edd311adde6e39a2eb6f9f3fa78f7396be6b53,panel_2,fb-executable-rep2-substitution-016,substitution,0.6249124194346297,0.6702141783631083,True,1,1,42.34410714285715,44.91267857142857
cooc,Kaikaku/epicure-cooc,03edd311adde6e39a2eb6f9f3fa78f7396be6b53,panel_2,fb-executable-rep2-substitution-067,substitution,0.8063568010936433,0.8342378643467154,True,1,1,47.37571428571428,49.144107142857145
cooc,Kaikaku/epicure-cooc,03edd311adde6e39a2eb6f9f3fa78f7396be6b53,panel_2,fb-executable-rep2-substitution-143,substitution,0.6254720689920228,0.6364799595688875,False,1,1,45.723392857142855,45.53928571428572
cooc,Kaikaku/epicure-cooc,03edd311adde6e39a2eb6f9f3fa78f7396be6b53,panel_2,fb-executable-rep2-substitution-028,substitution,0.5415335191070761,0.5810336242407206,False,1,1,53.03303571428572,50.058035714285715
cooc,Kaikaku/epicure-cooc,03edd311adde6e39a2eb6f9f3fa78f7396be6b53,panel_2,fb-executable-rep2-substitution-129,substitution,0.8800410116199591,0.8908019974552518,False,1,1,46.082142857142856,49.46178571428572
cooc,Kaikaku/epicure-cooc,03edd311adde6e39a2eb6f9f3fa78f7396be6b53,panel_2,fb-executable-rep2-substitution-127,substitution,0.8680599464689571,0.8840680528990377,True,1,1,42.82,45.730892857142855
cooc,Kaikaku/epicure-cooc,03edd311adde6e39a2eb6f9f3fa78f7396be6b53,panel_2,fb-executable-rep2-substitution-061,substitution,0.8097744360902255,0.7982083422535389,False,1,1,44.16571428571429,51.418392857142855
cooc,Kaikaku/epicure-cooc,03edd311adde6e39a2eb6f9f3fa78f7396be6b53,panel_2,fb-executable-rep2-substitution-118,substitution,0.8247436773752563,0.8188418051670974,False,1,1,42.72035714285715,46.455
cooc,Kaikaku/epicure-cooc,03edd311adde6e39a2eb6f9f3fa78f7396be6b53,panel_2,fb-executable-rep2-substitution-030,substitution,0.5288448393711552,0.5145359085160814,False,1,1,48.19571428571428,54.66607142857143
cooc,Kaikaku/epicure-cooc,03edd311adde6e39a2eb6f9f3fa78f7396be6b53,panel_2,fb-executable-rep2-substitution-013,substitution,0.4594668489405332,0.5004716782701805,False,1,1,48.23285714285715,48.223214285714285
cooc,Kaikaku/epicure-cooc,03edd311adde6e39a2eb6f9f3fa78f7396be6b53,panel_2,fb-executable-rep2-substitution-100,substitution,0.9611756664388243,0.9481761671366814,True,1,1,47.12482142857143,43.457678571428566
cooc,Kaikaku/epicure-cooc,03edd311adde6e39a2eb6f9f3fa78f7396be6b53,panel_2,fb-executable-rep2-substitution-052,substitution,0.7434850220672348,0.7523096495335402,False,1,1,47.76428571428571,49.80696428571429
cooc,Kaikaku/epicure-cooc,03edd311adde6e39a2eb6f9f3fa78f7396be6b53,panel_2,fb-executable-rep2-substitution-047,substitution,0.8165413533834587,0.8381599510134301,False,1,1,41.95035714285714,46.730535714285715
cooc,Kaikaku/epicure-cooc,03edd311adde6e39a2eb6f9f3fa78f7396be6b53,panel_2,fb-executable-rep2-substitution-073,substitution,0.763773069036227,0.7870621815370235,False,1,1,38.57107142857143,46.98232142857143
cooc,Kaikaku/epicure-cooc,03edd311adde6e39a2eb6f9f3fa78f7396be6b53,panel_2,fb-executable-rep2-substitution-048,substitution,0.7086124401913875,0.708219155820009,False,1,1,46.91517857142857,46.95232142857143
cooc,Kaikaku/epicure-cooc,03edd311adde6e39a2eb6f9f3fa78f7396be6b53,panel_2,fb-executable-rep2-substitution-110,substitution,0.8900205058099795,0.8970548377449574,True,1,1,41.60660714285714,40.54125
cooc,Kaikaku/epicure-cooc,03edd311adde6e39a2eb6f9f3fa78f7396be6b53,panel_2,fb-executable-rep2-substitution-024,substitution,0.7549555707450445,0.7817691975321022,False,1,1,47.651964285714286,47.870535714285715
cooc,Kaikaku/epicure-cooc,03edd311adde6e39a2eb6f9f3fa78f7396be6b53,panel_2,fb-executable-rep2-substitution-003,substitution,0.3820297681652822,0.42021213118331047,False,1,1,31.33535714285714,56.24053571428571
cooc,Kaikaku/epicure-cooc,03edd311adde6e39a2eb6f9f3fa78f7396be6b53,panel_2,fb-executable-rep2-substitution-046,substitution,0.7861927546138073,0.8159989281055025,True,1,1,46.15375,47.89035714285715
cooc,Kaikaku/epicure-cooc,03edd311adde6e39a2eb6f9f3fa78f7396be6b53,panel_2,fb-executable-rep2-substitution-094,substitution,0.8562542720437458,0.8757724388236786,False,1,1,44.93017857142857,47.30410714285715
cooc,Kaikaku/epicure-cooc,03edd311adde6e39a2eb6f9f3fa78f7396be6b53,panel_2,fb-executable-rep2-substitution-060,substitution,0.5151742993848257,0.5360912360202505,False,1,1,49.958214285714284,39.35089285714286
cooc,Kaikaku/epicure-cooc,03edd311adde6e39a2eb6f9f3fa78f7396be6b53,panel_2,fb-executable-rep2-substitution-128,substitution,0.8121667805878333,0.8083715661404415,True,1,1,43.24339285714285,44.38446428571429
cooc,Kaikaku/epicure-cooc,03edd311adde6e39a2eb6f9f3fa78f7396be6b53,panel_2,fb-executable-rep2-substitution-108,substitution,0.839166097060834,0.8496795884917615,True,1,1,43.41767857142857,46.95375
cooc,Kaikaku/epicure-cooc,03edd311adde6e39a2eb6f9f3fa78f7396be6b53,panel_2,fb-executable-rep2-substitution-141,substitution,0.8208475734791525,0.837593967057766,False,1,1,41.80482142857143,44.32732142857143
cooc,Kaikaku/epicure-cooc,03edd311adde6e39a2eb6f9f3fa78f7396be6b53,panel_2,fb-executable-rep2-substitution-087,substitution,0.8598086124401914,0.8895134621322163,True,1,1,49.87410714285715,45.61589285714285
cooc,Kaikaku/epicure-cooc,03edd311adde6e39a2eb6f9f3fa78f7396be6b53,panel_2,fb-executable-rep2-substitution-012,substitution,0.35885167464114837,0.38047535583920666,False,1,1,44.03660714285715,46.18767857142857
cooc,Kaikaku/epicure-cooc,03edd311adde6e39a2eb6f9f3fa78f7396be6b53,panel_2,fb-executable-rep2-substitution-085,substitution,0.9103212576896788,0.9267625705388256,True,1,1,38.09267857142857,40.17160714285714
cooc,Kaikaku/epicure-cooc,03edd311adde6e39a2eb6f9f3fa78f7396be6b53,panel_2,fb-executable-rep2-substitution-112,substitution,0.9455390558293701,0.9489638585887256,True,1,1,39.52017857142857,45.175357142857145
cooc,Kaikaku/epicure-cooc,03edd311adde6e39a2eb6f9f3fa78f7396be6b53,panel_2,fb-executable-rep2-substitution-115,substitution,0.8049693263192782,0.7943483524064223,True,1,1,38.276785714285715,48.862857142857145
cooc,Kaikaku/epicure-cooc,03edd311adde6e39a2eb6f9f3fa78f7396be6b53,panel_2,fb-executable-rep2-substitution-026,substitution,0.07300068352699932,0.07731771184956598,False,1,1,52.50660714285715,45.42392857142857
cooc,Kaikaku/epicure-cooc,03edd311adde6e39a2eb6f9f3fa78f7396be6b53,panel_2,fb-executable-rep2-substitution-145,substitution,0.8019959330619532,0.8508820025003225,True,1,1,43.11214285714286,46.17035714285715
cooc,Kaikaku/epicure-cooc,03edd311adde6e39a2eb6f9f3fa78f7396be6b53,panel_2,fb-executable-rep2-substitution-136,substitution,0.9291866028708134,0.936664146524437,False,1,1,47.17142857142857,43.2075
cooc,Kaikaku/epicure-cooc,03edd311adde6e39a2eb6f9f3fa78f7396be6b53,panel_2,fb-executable-rep2-substitution-114,substitution,0.7514695830485304,0.8125200782027586,False,1,1,45.130178571428566,42.863928571428566
cooc,Kaikaku/epicure-cooc,03edd311adde6e39a2eb6f9f3fa78f7396be6b53,panel_2,fb-executable-rep2-substitution-107,substitution,0.8406015037593986,0.8882918865446873,True,1,1,36.98553571428572,43.93857142857143
cooc,Kaikaku/epicure-cooc,03edd311adde6e39a2eb6f9f3fa78f7396be6b53,panel_2,fb-executable-rep2-substitution-032,substitution,0.43014354066985644,0.4461210282301199,False,1,1,51.363928571428566,51.956964285714285
cooc,Kaikaku/epicure-cooc,03edd311adde6e39a2eb6f9f3fa78f7396be6b53,panel_2,fb-executable-rep2-substitution-157,substitution,0.7615857826384143,0.7563817714939061,True,1,1,51.56089285714285,48.98
cooc,Kaikaku/epicure-cooc,03edd311adde6e39a2eb6f9f3fa78f7396be6b53,panel_2,fb-executable-rep2-substitution-090,substitution,0.6611073137388928,0.7081452195801504,False,1,1,47.28,48.78125
cooc,Kaikaku/epicure-cooc,03edd311adde6e39a2eb6f9f3fa78f7396be6b53,panel_2,fb-executable-rep2-substitution-098,substitution,0.47484620642515385,0.4954440988826404,False,1,1,49.64839285714285,46.07964285714285
cooc,Kaikaku/epicure-cooc,03edd311adde6e39a2eb6f9f3fa78f7396be6b53,panel_2,fb-executable-rep2-substitution-158,substitution,0.8632215733535454,0.886221527229242,True,1,1,43.51660714285715,39.114821428571425
cooc,Kaikaku/epicure-cooc,03edd311adde6e39a2eb6f9f3fa78f7396be6b53,panel_2,fb-executable-rep2-substitution-097,substitution,0.5714969241285031,0.6594371267988176,False,1,1,40.96625,44.13625
cooc,Kaikaku/epicure-cooc,03edd311adde6e39a2eb6f9f3fa78f7396be6b53,panel_2,fb-executable-rep2-substitution-053,substitution,0.7070403280929597,0.7063564428882166,False,1,1,45.339464285714286,44.63178571428571
cooc,Kaikaku/epicure-cooc,03edd311adde6e39a2eb6f9f3fa78f7396be6b53,panel_2,fb-executable-rep2-pairing-109,pairing,0.8071086807928913,0.8270324252291966,True,1,1,51.68553571428571,49.94642857142857
cooc,Kaikaku/epicure-cooc,03edd311adde6e39a2eb6f9f3fa78f7396be6b53,panel_2,fb-executable-rep2-pairing-066,pairing,0.6154345671417342,0.6592882900873512,False,1,1,50.91982142857143,50.68607142857143
cooc,Kaikaku/epicure-cooc,03edd311adde6e39a2eb6f9f3fa78f7396be6b53,panel_2,fb-executable-rep2-pairing-015,pairing,0.7561859193438141,0.7516639845294438,False,1,1,44.82892857142857,49.79142857142857
cooc,Kaikaku/epicure-cooc,03edd311adde6e39a2eb6f9f3fa78f7396be6b53,panel_2,fb-executable-rep2-pairing-121,pairing,0.9574326288586703,0.9577954499034652,True,1,1,41.17732142857143,45.63875
cooc,Kaikaku/epicure-cooc,03edd311adde6e39a2eb6f9f3fa78f7396be6b53,panel_2,fb-executable-rep2-pairing-147,pairing,0.9287764866712236,0.9411688664949498,True,1,1,40.44303571428571,44.70625
cooc,Kaikaku/epicure-cooc,03edd311adde6e39a2eb6f9f3fa78f7396be6b53,panel_2,fb-executable-rep2-pairing-080,pairing,0.8965823650034176,0.9022237854825548,True,1,1,42.55642857142857,41.97785714285715
cooc,Kaikaku/epicure-cooc,03edd311adde6e39a2eb6f9f3fa78f7396be6b53,panel_2,fb-executable-rep2-pairing-140,pairing,0.7946820691876134,0.8139115879652559,True,1,1,43.96142857142857,43.409285714285716
cooc,Kaikaku/epicure-cooc,03edd311adde6e39a2eb6f9f3fa78f7396be6b53,panel_2,fb-executable-rep2-pairing-102,pairing,0.6448503905656241,0.6616228247659395,False,1,1,44.34410714285715,44.22142857142857
cooc,Kaikaku/epicure-cooc,03edd311adde6e39a2eb6f9f3fa78f7396be6b53,panel_2,fb-executable-rep2-pairing-157,pairing,0.8372522214627478,0.8772211396256637,False,1,1,47.17339285714285,44.17875
cooc,Kaikaku/epicure-cooc,03edd311adde6e39a2eb6f9f3fa78f7396be6b53,panel_2,fb-executable-rep2-pairing-047,pairing,0.7441343838130874,0.7516985357191043,False,1,1,53.24071428571428,53.84732142857143
cooc,Kaikaku/epicure-cooc,03edd311adde6e39a2eb6f9f3fa78f7396be6b53,panel_2,fb-executable-rep2-pairing-106,pairing,0.4356117566643883,0.4827162325031469,False,1,1,50.629285714285714,48.09625
cooc,Kaikaku/epicure-cooc,03edd311adde6e39a2eb6f9f3fa78f7396be6b53,panel_2,fb-executable-rep2-pairing-101,pairing,0.7767600820232399,0.8245764665583177,False,1,1,39.59375,38.238035714285715
cooc,Kaikaku/epicure-cooc,03edd311adde6e39a2eb6f9f3fa78f7396be6b53,panel_2,fb-executable-rep2-pairing-032,pairing,0.7286988618886495,0.7476816613714244,False,1,1,51.434642857142855,56.26517857142857
cooc,Kaikaku/epicure-cooc,03edd311adde6e39a2eb6f9f3fa78f7396be6b53,panel_2,fb-executable-rep2-pairing-146,pairing,0.8139236830252458,0.865802422011525,False,1,1,49.35160714285715,43.71178571428572
cooc,Kaikaku/epicure-cooc,03edd311adde6e39a2eb6f9f3fa78f7396be6b53,panel_2,fb-executable-rep2-pairing-023,pairing,0.7447026657552974,0.7692440614148486,False,1,1,47.02446428571429,44.73321428571428
cooc,Kaikaku/epicure-cooc,03edd311adde6e39a2eb6f9f3fa78f7396be6b53,panel_2,fb-executable-rep2-pairing-154,pairing,0.937593984962406,0.9380900414382586,False,1,1,45.73,52.83678571428572
cooc,Kaikaku/epicure-cooc,03edd311adde6e39a2eb6f9f3fa78f7396be6b53,panel_2,fb-executable-rep2-pairing-105,pairing,0.8098427887901573,0.797018855987037,False,1,1,48.53767857142857,44.77339285714285
cooc,Kaikaku/epicure-cooc,03edd311adde6e39a2eb6f9f3fa78f7396be6b53,panel_2,fb-executable-rep2-pairing-133,pairing,0.9340396445659604,0.9531585758251513,True,1,1,46.81446428571429,48.05892857142857
cooc,Kaikaku/epicure-cooc,03edd311adde6e39a2eb6f9f3fa78f7396be6b53,panel_2,fb-executable-rep2-pairing-115,pairing,0.809501025290499,0.8282309899595646,False,1,1,50.88267857142857,50.66178571428571
cooc,Kaikaku/epicure-cooc,03edd311adde6e39a2eb6f9f3fa78f7396be6b53,panel_2,fb-executable-rep2-pairing-017,pairing,0.7714969241285031,0.7945575328970371,True,1,1,40.911964285714284,39.10803571428571
cooc,Kaikaku/epicure-cooc,03edd311adde6e39a2eb6f9f3fa78f7396be6b53,panel_2,fb-executable-rep2-pairing-144,pairing,0.7291866028708135,0.7381033150799884,False,1,1,46.613035714285715,49.725
cooc,Kaikaku/epicure-cooc,03edd311adde6e39a2eb6f9f3fa78f7396be6b53,panel_2,fb-executable-rep2-pairing-108,pairing,0.7762132604237868,0.8098097155600192,False,1,1,39.74839285714286,50.60821428571428
cooc,Kaikaku/epicure-cooc,03edd311adde6e39a2eb6f9f3fa78f7396be6b53,panel_2,fb-executable-rep2-pairing-052,pairing,0.21483253588516749,0.22845160706856335,False,1,1,51.00821428571428,52.68892857142857
cooc,Kaikaku/epicure-cooc,03edd311adde6e39a2eb6f9f3fa78f7396be6b53,panel_2,fb-executable-rep2-pairing-024,pairing,0.18516746411483254,0.2142152636532627,False,1,1,51.04535714285715,53.252857142857145
cooc,Kaikaku/epicure-cooc,03edd311adde6e39a2eb6f9f3fa78f7396be6b53,panel_2,fb-executable-rep2-pairing-137,pairing,0.7626582820368826,0.7995613350927027,False,1,1,45.28821428571428,46.84410714285715
cooc,Kaikaku/epicure-cooc,03edd311adde6e39a2eb6f9f3fa78f7396be6b53,panel_2,fb-executable-rep2-pairing-151,pairing,0.8278195488721805,0.8359191087125977,True,1,1,43.567142857142855,47.60267857142857
cooc,Kaikaku/epicure-cooc,03edd311adde6e39a2eb6f9f3fa78f7396be6b53,panel_2,fb-executable-rep2-pairing-020,pairing,0.8140123034859879,0.8144277262910877,False,1,1,53.01589285714285,55.09303571428572
cooc,Kaikaku/epicure-cooc,03edd311adde6e39a2eb6f9f3fa78f7396be6b53,panel_2,fb-executable-rep2-pairing-094,pairing,0.589747095010253,0.6270832401500311,True,1,1,41.80535714285715,42.40696428571428
cooc,Kaikaku/epicure-cooc,03edd311adde6e39a2eb6f9f3fa78f7396be6b53,panel_2,fb-executable-rep2-pairing-118,pairing,0.802734107997266,0.8231734303318651,False,1,1,53.60946428571428,40.95125
cooc,Kaikaku/epicure-cooc,03edd311adde6e39a2eb6f9f3fa78f7396be6b53,panel_2,fb-executable-rep2-pairing-048,pairing,0.504647983595352,0.5211894167796097,False,1,1,52.372678571428565,49.503035714285716
cooc,Kaikaku/epicure-cooc,03edd311adde6e39a2eb6f9f3fa78f7396be6b53,panel_2,fb-executable-rep2-pairing-018,pairing,0.7393711551606289,0.7820766179824464,False,1,1,44.94303571428571,52.39732142857143
cooc,Kaikaku/epicure-cooc,03edd311adde6e39a2eb6f9f3fa78f7396be6b53,panel_2,fb-executable-rep2-pairing-044,pairing,0.6584415584415585,0.659684690772243,False,1,1,49.393035714285716,55.80107142857143
cooc,Kaikaku/epicure-cooc,03edd311adde6e39a2eb6f9f3fa78f7396be6b53,panel_2,fb-executable-rep2-pairing-095,pairing,0.8649840224096554,0.873147933571372,False,1,1,56.769285714285715,51.00035714285715
cooc,Kaikaku/epicure-cooc,03edd311adde6e39a2eb6f9f3fa78f7396be6b53,panel_2,fb-executable-rep2-pairing-071,pairing,0.4896103896103896,0.5154309792775446,True,1,1,37.82642857142857,49.182321428571434
cooc,Kaikaku/epicure-cooc,03edd311adde6e39a2eb6f9f3fa78f7396be6b53,panel_2,fb-executable-rep2-pairing-030,pairing,0.720791537896386,0.7689418835271953,True,1,1,44.53892857142857,41.91285714285715
cooc,Kaikaku/epicure-cooc,03edd311adde6e39a2eb6f9f3fa78f7396be6b53,panel_2,fb-executable-rep2-pairing-114,pairing,0.583937115516063,0.624778810980594,False,1,1,47.47857142857143,47.456071428571434
cooc,Kaikaku/epicure-cooc,03edd311adde6e39a2eb6f9f3fa78f7396be6b53,panel_2,fb-executable-rep2-pairing-004,pairing,0.7597190657135496,0.7702323269807938,True,1,1,49.68089285714285,47.08535714285715
cooc,Kaikaku/epicure-cooc,03edd311adde6e39a2eb6f9f3fa78f7396be6b53,panel_2,fb-executable-rep2-pairing-002,pairing,0.556596035543404,0.5760834371361566,False,1,1,24.649107142857144,49.54732142857143
cooc,Kaikaku/epicure-cooc,03edd311adde6e39a2eb6f9f3fa78f7396be6b53,panel_2,fb-executable-rep2-pairing-045,pairing,0.7745044429254956,0.8230137463112225,False,1,1,37.75553571428571,34.91428571428572
cooc,Kaikaku/epicure-cooc,03edd311adde6e39a2eb6f9f3fa78f7396be6b53,panel_2,fb-executable-rep2-pairing-043,pairing,0.8108680792891321,0.820137063304279,False,1,1,44.00196428571429,51.33
cooc,Kaikaku/epicure-cooc,03edd311adde6e39a2eb6f9f3fa78f7396be6b53,panel_2,fb-executable-rep2-pairing-149,pairing,0.7943267259056733,0.8585339595384714,True,1,1,40.356964285714284,40.864464285714284
cooc,Kaikaku/epicure-cooc,03edd311adde6e39a2eb6f9f3fa78f7396be6b53,panel_2,fb-executable-rep2-pairing-113,pairing,0.620164046479836,0.6440210415767301,False,1,1,54.89767857142857,52.79696428571428
cooc,Kaikaku/epicure-cooc,03edd311adde6e39a2eb6f9f3fa78f7396be6b53,panel_2,fb-executable-rep2-pairing-159,pairing,0.8266033255363676,0.8550948475061183,False,1,1,37.75125,43.46803571428572
cooc,Kaikaku/epicure-cooc,03edd311adde6e39a2eb6f9f3fa78f7396be6b53,panel_2,fb-executable-rep2-pairing-129,pairing,0.7361585782638415,0.7263157162458225,False,1,1,51.939821428571435,52.989642857142854
cooc,Kaikaku/epicure-cooc,03edd311adde6e39a2eb6f9f3fa78f7396be6b53,panel_2,fb-executable-rep2-pairing-079,pairing,0.590645773253928,0.5655034948749087,False,1,1,52.44714285714285,54.39839285714285
cooc,Kaikaku/epicure-cooc,03edd311adde6e39a2eb6f9f3fa78f7396be6b53,panel_2,fb-executable-rep2-pairing-091,pairing,0.8630017602381054,0.8639099657677516,False,1,1,45.73392857142857,38.68839285714286
cooc,Kaikaku/epicure-cooc,03edd311adde6e39a2eb6f9f3fa78f7396be6b53,panel_2,fb-executable-rep2-pairing-103,pairing,0.7544087491455913,0.8179682043219001,True,1,1,35.732321428571424,40.77928571428571
cooc,Kaikaku/epicure-cooc,03edd311adde6e39a2eb6f9f3fa78f7396be6b53,panel_2,fb-executable-rep2-pairing-148,pairing,0.914149008885851,0.9532056581547687,False,1,1,45.323392857142856,51.83517857142857
cooc,Kaikaku/epicure-cooc,03edd311adde6e39a2eb6f9f3fa78f7396be6b53,panel_2,fb-executable-rep2-pairing-061,pairing,0.7181818181818183,0.7208073268414124,True,1,1,42.53178571428572,41.00392857142857
cooc,Kaikaku/epicure-cooc,03edd311adde6e39a2eb6f9f3fa78f7396be6b53,panel_2,fb-executable-rep2-pairing-036,pairing,0.06360436105130046,0.0076540198770931045,False,1,1,49.25660714285715,49.70910714285715
cooc,Kaikaku/epicure-cooc,03edd311adde6e39a2eb6f9f3fa78f7396be6b53,panel_2,fb-executable-rep2-pairing-081,pairing,0.7825492576203675,0.7659152300987244,True,1,1,37.599821428571424,50.26571428571428
cooc,Kaikaku/epicure-cooc,03edd311adde6e39a2eb6f9f3fa78f7396be6b53,panel_2,fb-executable-rep2-pairing-005,pairing,0.8142312754311759,0.8515487183666215,True,1,1,48.86035714285715,37.629821428571425
cooc,Kaikaku/epicure-cooc,03edd311adde6e39a2eb6f9f3fa78f7396be6b53,panel_2,fb-executable-rep2-pairing-096,pairing,0.3237867395762133,0.34395111990503274,False,1,1,51.00160714285715,42.13339285714285
cooc,Kaikaku/epicure-cooc,03edd311adde6e39a2eb6f9f3fa78f7396be6b53,panel_2,fb-executable-rep2-pairing-125,pairing,0.7242092312956102,0.7404646198088719,False,1,1,47.04071428571429,36.14375
cooc,Kaikaku/epicure-cooc,03edd311adde6e39a2eb6f9f3fa78f7396be6b53,panel_2,fb-executable-rep2-pairing-001,pairing,0.5282296650717703,0.5311869315487433,False,1,1,50.1875,47.85785714285715
cooc,Kaikaku/epicure-cooc,03edd311adde6e39a2eb6f9f3fa78f7396be6b53,panel_2,fb-executable-rep2-pairing-156,pairing,0.7918589156680641,0.8150563533278459,False,1,1,45.17892857142857,47.60214285714285
cooc,Kaikaku/epicure-cooc,03edd311adde6e39a2eb6f9f3fa78f7396be6b53,panel_2,fb-executable-rep2-pairing-068,pairing,0.2959671907040328,0.32170558555837986,False,1,1,42.28071428571428,50.17392857142857
cooc,Kaikaku/epicure-cooc,03edd311adde6e39a2eb6f9f3fa78f7396be6b53,panel_2,fb-executable-rep2-pairing-057,pairing,0.7958988380041012,0.8293281645543914,False,1,1,47.47714285714285,49.699464285714285
cooc,Kaikaku/epicure-cooc,03edd311adde6e39a2eb6f9f3fa78f7396be6b53,panel_2,fb-executable-rep2-pairing-099,pairing,0.8315105946684894,0.8669145850270515,True,1,1,38.628035714285716,41.723392857142855
cooc,Kaikaku/epicure-cooc,03edd311adde6e39a2eb6f9f3fa78f7396be6b53,panel_2,fb-executable-rep2-pairing-025,pairing,0.8486671223513328,0.8422277728056125,False,1,1,49.855892857142855,51.520714285714284
cooc,Kaikaku/epicure-cooc,03edd311adde6e39a2eb6f9f3fa78f7396be6b53,panel_2,fb-executable-rep2-pairing-104,pairing,0.5222146274777855,0.5374233266020618,False,1,1,43.190714285714286,45.707678571428566
cooc,Kaikaku/epicure-cooc,03edd311adde6e39a2eb6f9f3fa78f7396be6b53,panel_2,fb-executable-rep2-pairing-059,pairing,0.7851674641148325,0.7725037418701606,False,1,1,44.90232142857143,48.39160714285715
cooc,Kaikaku/epicure-cooc,03edd311adde6e39a2eb6f9f3fa78f7396be6b53,panel_2,fb-executable-rep2-pairing-012,pairing,0.614354066985646,0.6405855460138897,False,1,1,42.52392857142857,44.80464285714285
cooc,Kaikaku/epicure-cooc,03edd311adde6e39a2eb6f9f3fa78f7396be6b53,panel_2,fb-executable-rep2-pairing-139,pairing,0.7726721236966095,0.8408747299465081,False,1,1,41.10875,48.2
cooc,Kaikaku/epicure-cooc,03edd311adde6e39a2eb6f9f3fa78f7396be6b53,panel_2,fb-executable-rep2-pairing-072,pairing,0.6206425153793576,0.6413967020768644,False,1,1,45.39910714285715,48.24071428571428
cooc,Kaikaku/epicure-cooc,03edd311adde6e39a2eb6f9f3fa78f7396be6b53,panel_2,fb-executable-rep2-pairing-119,pairing,0.3216678058783322,0.3883937709697377,False,1,1,48.838571428571434,47.824107142857144
cooc,Kaikaku/epicure-cooc,03edd311adde6e39a2eb6f9f3fa78f7396be6b53,panel_2,fb-executable-rep2-pairing-112,pairing,0.6816814764183186,0.6426514829593283,True,1,1,31.00785714285714,48.55625
cooc,Kaikaku/epicure-cooc,03edd311adde6e39a2eb6f9f3fa78f7396be6b53,panel_2,fb-executable-rep2-pairing-008,pairing,0.7666569833139748,0.7992803019275238,False,1,1,49.183214285714286,51.049107142857146
cooc,Kaikaku/epicure-cooc,03edd311adde6e39a2eb6f9f3fa78f7396be6b53,panel_2,fb-executable-rep2-pairing-152,pairing,0.803944018299511,0.8093927833610043,True,1,1,55.89160714285715,51.10267857142857
cooc,Kaikaku/epicure-cooc,03edd311adde6e39a2eb6f9f3fa78f7396be6b53,panel_2,fb-executable-rep2-pairing-084,pairing,0.8261248484604761,0.8353107962535455,True,1,1,49.205,48.28910714285715
cooc,Kaikaku/epicure-cooc,03edd311adde6e39a2eb6f9f3fa78f7396be6b53,panel_2,fb-executable-rep2-pairing-053,pairing,0.8265892002734109,0.845737042869133,False,1,1,46.573392857142856,56.57642857142857
cooc,Kaikaku/epicure-cooc,03edd311adde6e39a2eb6f9f3fa78f7396be6b53,panel_2,fb-executable-rep2-pairing-117,pairing,0.63526999316473,0.6006563546931938,False,1,1,56.800535714285715,61.52767857142857
cooc,Kaikaku/epicure-cooc,03edd311adde6e39a2eb6f9f3fa78f7396be6b53,panel_2,fb-executable-rep2-pairing-038,pairing,0.020164046479835954,0.04931824767447144,False,1,1,47.3075,44.674464285714286
cooc,Kaikaku/epicure-cooc,03edd311adde6e39a2eb6f9f3fa78f7396be6b53,panel_2,fb-executable-rep2-pairing-055,pairing,0.35946684894053316,0.42314964178590814,False,1,1,43.19482142857143,38.926071428571426
cooc,Kaikaku/epicure-cooc,03edd311adde6e39a2eb6f9f3fa78f7396be6b53,panel_2,fb-executable-rep2-pairing-028,pairing,0.810457963089542,0.811760166587518,False,1,1,41.56125,45.57821428571428
cooc,Kaikaku/epicure-cooc,03edd311adde6e39a2eb6f9f3fa78f7396be6b53,panel_2,fb-executable-rep2-pairing-006,pairing,0.18178711190473573,0.23485512984585344,False,1,1,37.86839285714286,49.8075
cooc,Kaikaku/epicure-cooc,03edd311adde6e39a2eb6f9f3fa78f7396be6b53,panel_2,fb-executable-rep2-pairing-062,pairing,0.5720437457279564,0.5826308264406889,False,1,1,46.325,51.13625
cooc,Kaikaku/epicure-cooc,03edd311adde6e39a2eb6f9f3fa78f7396be6b53,panel_2,fb-executable-rep2-pairing-074,pairing,0.8834737436994585,0.8926103094405974,True,1,1,44.57232142857143,50.34357142857143
cooc,Kaikaku/epicure-cooc,03edd311adde6e39a2eb6f9f3fa78f7396be6b53,panel_2,fb-executable-rep2-pairing-086,pairing,0.8544379512150546,0.8692847073851292,True,1,1,34.38946428571428,35.724821428571424
cooc,Kaikaku/epicure-cooc,03edd311adde6e39a2eb6f9f3fa78f7396be6b53,panel_2,fb-executable-rep2-pairing-070,pairing,0.7868762816131238,0.8076188503960112,True,1,1,35.69446428571428,39.31321428571428
cooc,Kaikaku/epicure-cooc,03edd311adde6e39a2eb6f9f3fa78f7396be6b53,panel_2,fb-executable-rep2-pairing-134,pairing,0.8319691041731495,0.8361084403146534,False,1,1,48.2625,53.93142857142857
cooc,Kaikaku/epicure-cooc,03edd311adde6e39a2eb6f9f3fa78f7396be6b53,panel_2,fb-executable-rep2-pairing-010,pairing,0.3733424470266576,0.3812469099092809,False,1,1,54.622678571428565,44.088035714285716
cooc,Kaikaku/epicure-cooc,03edd311adde6e39a2eb6f9f3fa78f7396be6b53,panel_2,fb-executable-rep2-pairing-130,pairing,0.8390580676031306,0.8632000992553585,False,1,1,44.30696428571429,46.07196428571429
cooc,Kaikaku/epicure-cooc,03edd311adde6e39a2eb6f9f3fa78f7396be6b53,panel_2,fb-executable-rep2-pairing-138,pairing,0.940446692664526,0.9409316000927044,True,1,1,47.26232142857143,48.55375
cooc,Kaikaku/epicure-cooc,03edd311adde6e39a2eb6f9f3fa78f7396be6b53,panel_2,fb-executable-rep2-pairing-035,pairing,0.7119738889263876,0.7257204602312091,False,1,1,53.92214285714285,50.441607142857144
cooc,Kaikaku/epicure-cooc,03edd311adde6e39a2eb6f9f3fa78f7396be6b53,panel_2,fb-executable-rep2-pairing-075,pairing,0.8043541415074179,0.8345029004915082,True,1,1,43.87107142857143,36.705714285714286
cooc,Kaikaku/epicure-cooc,03edd311adde6e39a2eb6f9f3fa78f7396be6b53,panel_2,fb-executable-rep2-pairing-054,pairing,0.650363990567005,0.6515814984451836,False,1,1,42.22,51.792857142857144
cooc,Kaikaku/epicure-cooc,03edd311adde6e39a2eb6f9f3fa78f7396be6b53,panel_2,fb-executable-rep2-pairing-126,pairing,0.9071086807928913,0.9020492375846846,True,1,1,39.30267857142857,39.98553571428572
cooc,Kaikaku/epicure-cooc,03edd311adde6e39a2eb6f9f3fa78f7396be6b53,panel_2,fb-executable-rep2-pairing-016,pairing,0.7546138072453862,0.7762824217901118,False,1,1,43.465892857142855,50.332142857142856
cooc,Kaikaku/epicure-cooc,03edd311adde6e39a2eb6f9f3fa78f7396be6b53,panel_2,fb-executable-rep2-constraint-102,constraint,0.998653500897666,0.9128465251464482,False,1,1,3.9848214285714283,4.255
cooc,Kaikaku/epicure-cooc,03edd311adde6e39a2eb6f9f3fa78f7396be6b53,panel_2,fb-executable-rep2-constraint-146,constraint,0.6467684021543985,0.44432611180863,False,1,1,2.9941071428571426,3.288928571428572
cooc,Kaikaku/epicure-cooc,03edd311adde6e39a2eb6f9f3fa78f7396be6b53,panel_2,fb-executable-rep2-constraint-119,constraint,0.9999999999999999,0.8516986165517045,True,1,1,2.0864285714285713,3.6725
cooc,Kaikaku/epicure-cooc,03edd311adde6e39a2eb6f9f3fa78f7396be6b53,panel_2,fb-executable-rep2-constraint-096,constraint,0.998653500897666,0.703674844541136,False,1,1,2.9707142857142856,4.0303571428571425
cooc,Kaikaku/epicure-cooc,03edd311adde6e39a2eb6f9f3fa78f7396be6b53,panel_2,fb-executable-rep2-constraint-076,constraint,0.998653500897666,0.5170016861393458,False,1,1,2.7532142857142854,3.112142857142857
cooc,Kaikaku/epicure-cooc,03edd311adde6e39a2eb6f9f3fa78f7396be6b53,panel_2,fb-executable-rep2-constraint-024,constraint,0.9999999999999999,0.967772485616458,True,1,1,3.8080357142857144,3.6207142857142856
cooc,Kaikaku/epicure-cooc,03edd311adde6e39a2eb6f9f3fa78f7396be6b53,panel_2,fb-executable-rep2-constraint-158,constraint,0.6602333931777377,0.8541025602136588,True,1,1,3.145,3.4555357142857144
cooc,Kaikaku/epicure-cooc,03edd311adde6e39a2eb6f9f3fa78f7396be6b53,panel_2,fb-executable-rep2-constraint-054,constraint,0.6602333931777377,0.784970567006622,True,1,1,5.091428571428572,4.094285714285714
cooc,Kaikaku/epicure-cooc,03edd311adde6e39a2eb6f9f3fa78f7396be6b53,panel_2,fb-executable-rep2-constraint-072,constraint,0.6728007181328545,0.8981891314936749,True,1,1,3.5432142857142854,3.6892857142857145
cooc,Kaikaku/epicure-cooc,03edd311adde6e39a2eb6f9f3fa78f7396be6b53,panel_2,fb-executable-rep2-constraint-074,constraint,0.6602333931777377,0.8873368492884837,True,1,1,3.7471428571428573,2.9396428571428572
cooc,Kaikaku/epicure-cooc,03edd311adde6e39a2eb6f9f3fa78f7396be6b53,panel_2,fb-executable-rep2-constraint-083,constraint,0.9999999999999999,0.9811304902005106,True,1,1,3.3655357142857145,4.015
cooc,Kaikaku/epicure-cooc,03edd311adde6e39a2eb6f9f3fa78f7396be6b53,panel_2,fb-executable-rep2-constraint-036,constraint,0.9999999999999999,0.9713872664600671,True,1,1,3.524642857142857,2.8073214285714285
cooc,Kaikaku/epicure-cooc,03edd311adde6e39a2eb6f9f3fa78f7396be6b53,panel_2,fb-executable-rep2-constraint-017,constraint,0.9982046678635548,0.9004133647608261,False,1,1,4.285357142857142,4.739285714285715
cooc,Kaikaku/epicure-cooc,03edd311adde6e39a2eb6f9f3fa78f7396be6b53,panel_2,fb-executable-rep2-constraint-040,constraint,0.6481149012567324,0.7254409661702855,True,1,1,4.248392857142857,3.0658928571428574
cooc,Kaikaku/epicure-cooc,03edd311adde6e39a2eb6f9f3fa78f7396be6b53,panel_2,fb-executable-rep2-constraint-126,constraint,0.6602333931777377,0.8305077516237336,True,1,1,2.0533928571428572,3.3292857142857146
cooc,Kaikaku/epicure-cooc,03edd311adde6e39a2eb6f9f3fa78f7396be6b53,panel_2,fb-executable-rep2-constraint-148,constraint,0.6463195691202871,0.4218233534699531,False,1,1,4.181964285714286,4.119821428571428
cooc,Kaikaku/epicure-cooc,03edd311adde6e39a2eb6f9f3fa78f7396be6b53,panel_2,fb-executable-rep2-constraint-065,constraint,0.998653500897666,0.6674380067658227,False,1,1,2.4126785714285712,4.429642857142857
cooc,Kaikaku/epicure-cooc,03edd311adde6e39a2eb6f9f3fa78f7396be6b53,panel_2,fb-executable-rep2-constraint-075,constraint,0.6602333931777377,0.774238485325622,True,1,1,4.682678571428571,2.441607142857143
cooc,Kaikaku/epicure-cooc,03edd311adde6e39a2eb6f9f3fa78f7396be6b53,panel_2,fb-executable-rep2-constraint-123,constraint,0.9995511669658885,0.9450156816429433,True,1,1,4.210178571428572,3.6796428571428574
cooc,Kaikaku/epicure-cooc,03edd311adde6e39a2eb6f9f3fa78f7396be6b53,panel_2,fb-executable-rep2-constraint-090,constraint,0.6602333931777377,0.7854910815940408,True,1,1,3.8066071428571426,3.2521428571428572
cooc,Kaikaku/epicure-cooc,03edd311adde6e39a2eb6f9f3fa78f7396be6b53,panel_2,fb-executable-rep2-constraint-015,constraint,0.9999999999999999,0.9956560799846073,True,1,1,3.1730357142857146,2.8751785714285716
cooc,Kaikaku/epicure-cooc,03edd311adde6e39a2eb6f9f3fa78f7396be6b53,panel_2,fb-executable-rep2-constraint-043,constraint,0.9995511669658885,0.7884800355471014,False,1,1,3.0658928571428574,3.7125
cooc,Kaikaku/epicure-cooc,03edd311adde6e39a2eb6f9f3fa78f7396be6b53,panel_2,fb-executable-rep2-constraint-136,constraint,0.9995511669658885,0.9744397478618778,True,1,1,2.68125,2.7391071428571427
cooc,Kaikaku/epicure-cooc,03edd311adde6e39a2eb6f9f3fa78f7396be6b53,panel_2,fb-executable-rep2-constraint-106,constraint,0.9995511669658885,0.9292318682374707,False,1,1,2.719821428571428,3.7533928571428574
cooc,Kaikaku/epicure-cooc,03edd311adde6e39a2eb6f9f3fa78f7396be6b53,panel_2,fb-executable-rep2-constraint-059,constraint,0.9995511669658885,0.9915169618209329,False,1,1,3.7896428571428573,4.19625
cooc,Kaikaku/epicure-cooc,03edd311adde6e39a2eb6f9f3fa78f7396be6b53,panel_2,fb-executable-rep2-constraint-140,constraint,0.6728007181328545,0.8692286968503735,True,1,1,3.9744642857142853,3.9255357142857146
cooc,Kaikaku/epicure-cooc,03edd311adde6e39a2eb6f9f3fa78f7396be6b53,panel_2,fb-executable-rep2-constraint-079,constraint,0.6593357271095152,0.6197336428824612,False,1,1,3.6182142857142856,4.00375
cooc,Kaikaku/epicure-cooc,03edd311adde6e39a2eb6f9f3fa78f7396be6b53,panel_2,fb-executable-rep2-constraint-134,constraint,0.6593357271095152,0.5473289725601402,False,1,1,4.145357142857143,2.674642857142857
cooc,Kaikaku/epicure-cooc,03edd311adde6e39a2eb6f9f3fa78f7396be6b53,panel_2,fb-executable-rep2-constraint-095,constraint,0.9982046678635548,0.6083933086048969,False,1,1,3.725,3.6448214285714284
cooc,Kaikaku/epicure-cooc,03edd311adde6e39a2eb6f9f3fa78f7396be6b53,panel_2,fb-executable-rep2-constraint-121,constraint,0.6593357271095152,0.5834628847017433,False,1,1,3.4567857142857146,2.29625
cooc,Kaikaku/epicure-cooc,03edd311adde6e39a2eb6f9f3fa78f7396be6b53,panel_2,fb-executable-rep2-constraint-098,constraint,0.9982046678635548,0.9461348029989912,False,1,1,4.2248214285714285,4.904642857142857
cooc,Kaikaku/epicure-cooc,03edd311adde6e39a2eb6f9f3fa78f7396be6b53,panel_2,fb-executable-rep2-constraint-041,constraint,0.6481149012567324,0.6434670042154904,True,1,1,4.778035714285714,1.9417857142857142
cooc,Kaikaku/epicure-cooc,03edd311adde6e39a2eb6f9f3fa78f7396be6b53,panel_2,fb-executable-rep2-constraint-027,constraint,0.6602333931777377,0.8279720237149172,True,1,1,1.9941071428571429,3.7260714285714283
cooc,Kaikaku/epicure-cooc,03edd311adde6e39a2eb6f9f3fa78f7396be6b53,panel_2,fb-executable-rep2-constraint-124,constraint,0.6481149012567324,0.9895343072323692,True,1,1,2.0,1.99375
cooc,Kaikaku/epicure-cooc,03edd311adde6e39a2eb6f9f3fa78f7396be6b53,panel_2,fb-executable-rep2-constraint-139,constraint,0.9995511669658885,0.9540059927939458,True,1,1,2.1333928571428573,2.8926785714285717
cooc,Kaikaku/epicure-cooc,03edd311adde6e39a2eb6f9f3fa78f7396be6b53,panel_2,fb-executable-rep2-constraint-071,constraint,0.9999999999999999,0.974257645792242,True,1,1,4.437678571428572,3.6673214285714284
cooc,Kaikaku/epicure-cooc,03edd311adde6e39a2eb6f9f3fa78f7396be6b53,panel_2,fb-executable-rep2-constraint-052,constraint,0.6593357271095152,0.7328432116075276,False,1,1,3.9507142857142856,3.677678571428572
cooc,Kaikaku/epicure-cooc,03edd311adde6e39a2eb6f9f3fa78f7396be6b53,panel_2,fb-executable-rep2-constraint-082,constraint,0.6728007181328545,0.9546057053522103,True,1,1,2.40875,3.015357142857143
cooc,Kaikaku/epicure-cooc,03edd311adde6e39a2eb6f9f3fa78f7396be6b53,panel_2,fb-executable-rep2-constraint-142,constraint,0.6350987432675045,0.4937417614191724,False,1,1,2.7239285714285715,3.3103571428571428
cooc,Kaikaku/epicure-cooc,03edd311adde6e39a2eb6f9f3fa78f7396be6b53,panel_2,fb-executable-rep2-constraint-050,constraint,0.9995511669658885,0.9445810853302248,True,1,1,2.8567857142857145,3.0755357142857145
cooc,Kaikaku/epicure-cooc,03edd311adde6e39a2eb6f9f3fa78f7396be6b53,panel_2,fb-executable-rep2-constraint-097,constraint,0.9999999999999999,0.9090650782666551,True,1,1,3.5591071428571426,2.32375
cooc,Kaikaku/epicure-cooc,03edd311adde6e39a2eb6f9f3fa78f7396be6b53,panel_2,fb-executable-rep2-constraint-068,constraint,0.6602333931777377,0.9183082059230283,True,1,1,2.549107142857143,2.531964285714286
cooc,Kaikaku/epicure-cooc,03edd311adde6e39a2eb6f9f3fa78f7396be6b53,panel_2,fb-executable-rep2-constraint-132,constraint,0.6602333931777377,0.8678407020977645,True,1,1,3.4180357142857143,2.9151785714285716
cooc,Kaikaku/epicure-cooc,03edd311adde6e39a2eb6f9f3fa78f7396be6b53,panel_2,fb-executable-rep2-constraint-154,constraint,0.6602333931777377,0.7648665850328585,True,1,1,3.6726785714285715,4.1433928571428575
cooc,Kaikaku/epicure-cooc,03edd311adde6e39a2eb6f9f3fa78f7396be6b53,panel_2,fb-executable-rep2-constraint-018,constraint,0.998653500897666,0.7727942983765931,False,1,1,3.7676785714285717,3.4548214285714285
cooc,Kaikaku/epicure-cooc,03edd311adde6e39a2eb6f9f3fa78f7396be6b53,panel_2,fb-executable-rep2-constraint-060,constraint,0.6481149012567324,0.7007858770489798,True,1,1,3.6673214285714284,2.9325
cooc,Kaikaku/epicure-cooc,03edd311adde6e39a2eb6f9f3fa78f7396be6b53,panel_2,fb-executable-rep2-constraint-033,constraint,0.9995511669658885,0.7522279603281415,False,1,1,3.1694642857142856,2.646607142857143
cooc,Kaikaku/epicure-cooc,03edd311adde6e39a2eb6f9f3fa78f7396be6b53,panel_2,fb-executable-rep2-constraint-044,constraint,0.9999999999999999,0.8392059016864849,True,1,1,3.8217857142857143,2.0628571428571427
cooc,Kaikaku/epicure-cooc,03edd311adde6e39a2eb6f9f3fa78f7396be6b53,panel_2,fb-executable-rep2-constraint-133,constraint,0.6723518850987432,0.6385371522686608,False,1,1,2.421607142857143,3.759821428571428
cooc,Kaikaku/epicure-cooc,03edd311adde6e39a2eb6f9f3fa78f7396be6b53,panel_2,fb-executable-rep2-constraint-003,constraint,0.9982046678635548,0.567652726767629,False,1,1,2.9603571428571427,3.09
cooc,Kaikaku/epicure-cooc,03edd311adde6e39a2eb6f9f3fa78f7396be6b53,panel_2,fb-executable-rep2-constraint-125,constraint,0.9995511669658885,0.9443976666933824,True,1,1,2.474464285714286,2.8544642857142857
cooc,Kaikaku/epicure-cooc,03edd311adde6e39a2eb6f9f3fa78f7396be6b53,panel_2,fb-executable-rep2-constraint-061,constraint,0.9995511669658885,0.9970238463467798,False,1,1,3.7344642857142856,3.715178571428572
cooc,Kaikaku/epicure-cooc,03edd311adde6e39a2eb6f9f3fa78f7396be6b53,panel_2,fb-executable-rep2-constraint-116,constraint,0.9999999999999999,0.8772448090202143,True,1,1,4.1207142857142856,2.436607142857143
cooc,Kaikaku/epicure-cooc,03edd311adde6e39a2eb6f9f3fa78f7396be6b53,panel_2,fb-executable-rep2-constraint-051,constraint,0.6481149012567324,0.6593057915517688,True,1,1,3.5291071428571428,3.1851785714285716
cooc,Kaikaku/epicure-cooc,03edd311adde6e39a2eb6f9f3fa78f7396be6b53,panel_2,fb-executable-rep2-constraint-008,constraint,0.6593357271095152,0.5208490442610773,False,1,1,4.394642857142857,3.657142857142857
cooc,Kaikaku/epicure-cooc,03edd311adde6e39a2eb6f9f3fa78f7396be6b53,panel_2,fb-executable-rep2-constraint-112,constraint,0.9999999999999999,0.9750138109771331,True,1,1,3.2951785714285715,2.6675
cooc,Kaikaku/epicure-cooc,03edd311adde6e39a2eb6f9f3fa78f7396be6b53,panel_2,fb-executable-rep2-constraint-049,constraint,0.6481149012567324,0.7323443835721659,True,1,1,2.9530357142857144,3.3232142857142857
cooc,Kaikaku/epicure-cooc,03edd311adde6e39a2eb6f9f3fa78f7396be6b53,panel_2,fb-executable-rep2-constraint-104,constraint,0.6728007181328545,0.8687054208047565,True,1,1,3.859642857142857,2.6132142857142857
cooc,Kaikaku/epicure-cooc,03edd311adde6e39a2eb6f9f3fa78f7396be6b53,panel_2,fb-executable-rep2-constraint-138,constraint,0.6350987432675045,0.4943655837697383,False,1,1,3.6167857142857143,3.279821428571428
cooc,Kaikaku/epicure-cooc,03edd311adde6e39a2eb6f9f3fa78f7396be6b53,panel_2,fb-executable-rep2-constraint-006,constraint,0.6350987432675045,0.577159819168138,False,1,1,4.180357142857143,3.4155357142857143
cooc,Kaikaku/epicure-cooc,03edd311adde6e39a2eb6f9f3fa78f7396be6b53,panel_2,fb-executable-rep2-constraint-110,constraint,0.9999999999999999,0.9291795177403172,True,1,1,3.03375,4.169821428571428
cooc,Kaikaku/epicure-cooc,03edd311adde6e39a2eb6f9f3fa78f7396be6b53,panel_2,fb-executable-rep2-constraint-088,constraint,0.6728007181328545,0.9655856113894242,True,1,1,2.8480357142857144,2.8810714285714285
cooc,Kaikaku/epicure-cooc,03edd311adde6e39a2eb6f9f3fa78f7396be6b53,panel_2,fb-executable-rep2-constraint-105,constraint,0.9999999999999999,0.9957840761496219,True,1,1,3.510178571428572,3.5116071428571427
cooc,Kaikaku/epicure-cooc,03edd311adde6e39a2eb6f9f3fa78f7396be6b53,panel_2,fb-executable-rep2-constraint-037,constraint,0.9999999999999999,0.9954019015621184,True,1,1,3.6848214285714285,3.3967857142857145
cooc,Kaikaku/epicure-cooc,03edd311adde6e39a2eb6f9f3fa78f7396be6b53,panel_2,fb-executable-rep2-constraint-118,constraint,0.9999999999999999,0.9219639185400378,True,1,1,3.2626785714285718,2.9741071428571426
cooc,Kaikaku/epicure-cooc,03edd311adde6e39a2eb6f9f3fa78f7396be6b53,panel_2,fb-executable-rep2-constraint-035,constraint,0.9999999999999999,0.9147454825115973,True,1,1,2.8025,3.1796428571428574
cooc,Kaikaku/epicure-cooc,03edd311adde6e39a2eb6f9f3fa78f7396be6b53,panel_2,fb-executable-rep2-constraint-093,constraint,0.9999999999999999,0.9192976663042369,True,1,1,3.8198214285714283,2.6469642857142857
cooc,Kaikaku/epicure-cooc,03edd311adde6e39a2eb6f9f3fa78f7396be6b53,panel_2,fb-executable-rep2-constraint-077,constraint,0.6350987432675045,0.5767537320494933,False,1,1,3.8132142857142854,3.75125
cooc,Kaikaku/epicure-cooc,03edd311adde6e39a2eb6f9f3fa78f7396be6b53,panel_2,fb-executable-rep2-constraint-055,constraint,0.9995511669658885,0.9652199255258602,True,1,1,3.9058928571428573,3.5939285714285716
cooc,Kaikaku/epicure-cooc,03edd311adde6e39a2eb6f9f3fa78f7396be6b53,panel_2,fb-executable-rep2-constraint-127,constraint,0.9995511669658885,0.9043703384182251,True,1,1,3.506607142857143,3.9003571428571426
cooc,Kaikaku/epicure-cooc,03edd311adde6e39a2eb6f9f3fa78f7396be6b53,panel_2,fb-executable-rep2-constraint-038,constraint,0.6602333931777377,0.9773229625209082,True,1,1,2.345535714285714,1.979464285714286
cooc,Kaikaku/epicure-cooc,03edd311adde6e39a2eb6f9f3fa78f7396be6b53,panel_2,fb-executable-rep2-constraint-120,constraint,0.6472172351885097,0.6052697218845811,False,1,1,3.5280357142857146,3.82
cooc,Kaikaku/epicure-cooc,03edd311adde6e39a2eb6f9f3fa78f7396be6b53,panel_2,fb-executable-rep2-constraint-149,constraint,0.6602333931777377,0.9237987648887608,True,1,1,2.564107142857143,3.2591071428571428
cooc,Kaikaku/epicure-cooc,03edd311adde6e39a2eb6f9f3fa78f7396be6b53,panel_2,fb-executable-rep2-constraint-019,constraint,0.998653500897666,0.9303497331121544,False,1,1,3.8389285714285717,5.0789285714285715
cooc,Kaikaku/epicure-cooc,03edd311adde6e39a2eb6f9f3fa78f7396be6b53,panel_2,fb-executable-rep2-constraint-047,constraint,0.9999999999999999,0.9959030645334426,True,1,1,4.25875,3.850892857142857
cooc,Kaikaku/epicure-cooc,03edd311adde6e39a2eb6f9f3fa78f7396be6b53,panel_2,fb-executable-rep2-constraint-004,constraint,0.998653500897666,0.8219958820796706,False,1,1,3.4310714285714283,3.767857142857143
cooc,Kaikaku/epicure-cooc,03edd311adde6e39a2eb6f9f3fa78f7396be6b53,panel_2,fb-executable-rep2-constraint-062,constraint,0.9995511669658885,0.9394669168728506,True,1,1,2.6032142857142855,2.115
cooc,Kaikaku/epicure-cooc,03edd311adde6e39a2eb6f9f3fa78f7396be6b53,panel_2,fb-executable-rep2-constraint-016,constraint,0.9999999999999999,0.9827729036601631,True,1,1,4.517857142857142,3.9603571428571427
cooc,Kaikaku/epicure-cooc,03edd311adde6e39a2eb6f9f3fa78f7396be6b53,panel_2,fb-executable-rep2-constraint-020,constraint,0.9999999999999999,0.9884137264144811,True,1,1,2.144285714285714,2.388392857142857
cooc,Kaikaku/epicure-cooc,03edd311adde6e39a2eb6f9f3fa78f7396be6b53,panel_2,fb-executable-rep2-constraint-039,constraint,0.9999999999999999,0.9213072358465082,True,1,1,2.5782142857142856,3.9058928571428573
cooc,Kaikaku/epicure-cooc,03edd311adde6e39a2eb6f9f3fa78f7396be6b53,panel_2,fb-executable-rep2-constraint-157,constraint,0.6467684021543985,0.6272556159995267,False,1,1,4.808928571428572,2.6525
cooc,Kaikaku/epicure-cooc,03edd311adde6e39a2eb6f9f3fa78f7396be6b53,panel_2,fb-executable-rep2-constraint-114,constraint,0.9999999999999999,0.9799192150298197,True,1,1,2.7758928571428574,3.17125
cooc,Kaikaku/epicure-cooc,03edd311adde6e39a2eb6f9f3fa78f7396be6b53,panel_2,fb-executable-rep2-constraint-042,constraint,0.6602333931777377,0.6614068569645729,True,1,1,2.99375,3.824821428571428
cooc,Kaikaku/epicure-cooc,03edd311adde6e39a2eb6f9f3fa78f7396be6b53,panel_2,fb-executable-rep2-constraint-115,constraint,0.6472172351885097,0.16919401546874702,False,1,1,2.3266071428571427,4.329107142857143
cooc,Kaikaku/epicure-cooc,03edd311adde6e39a2eb6f9f3fa78f7396be6b53,panel_2,fb-executable-rep2-constraint-150,constraint,0.9999999999999999,0.9969083603653002,True,1,1,3.2733928571428574,3.527142857142857
cooc,Kaikaku/epicure-cooc,03edd311adde6e39a2eb6f9f3fa78f7396be6b53,panel_2,fb-executable-rep2-constraint-144,constraint,0.6723518850987432,0.8340597580778428,False,1,1,2.86,3.3092857142857146
cooc,Kaikaku/epicure-cooc,03edd311adde6e39a2eb6f9f3fa78f7396be6b53,panel_2,fb-executable-rep2-constraint-012,constraint,0.6472172351885097,0.63957176998645,False,1,1,3.1282142857142854,3.85
cooc,Kaikaku/epicure-cooc,03edd311adde6e39a2eb6f9f3fa78f7396be6b53,panel_2,fb-executable-rep2-constraint-026,constraint,0.6602333931777377,0.8281302767378022,True,1,1,3.035892857142857,2.732142857142857
cooc,Kaikaku/epicure-cooc,03edd311adde6e39a2eb6f9f3fa78f7396be6b53,panel_2,fb-executable-rep2-constraint-073,constraint,0.9999999999999999,0.8062732706694089,True,1,1,2.1503571428571426,4.05625
core,Kaikaku/epicure-core,d31ebb5af8e92bbaf5cb67381d5006d4ea8368b7,panel_1,fb-executable-substitution-136,substitution,0.7983595352016405,0.824573531991713,True,1,1,41.5325,46.059107142857144
core,Kaikaku/epicure-core,d31ebb5af8e92bbaf5cb67381d5006d4ea8368b7,panel_1,fb-executable-substitution-124,substitution,0.5535979768063376,0.5730202501918348,True,1,1,47.64107142857143,39.64375
core,Kaikaku/epicure-core,d31ebb5af8e92bbaf5cb67381d5006d4ea8368b7,panel_1,fb-executable-substitution-086,substitution,0.9204374572795626,0.92946302483615,False,1,1,44.17964285714285,47.236964285714286
core,Kaikaku/epicure-core,d31ebb5af8e92bbaf5cb67381d5006d4ea8368b7,panel_1,fb-executable-substitution-040,substitution,0.6546138072453863,0.8013604419276339,False,1,1,44.99053571428571,47.42053571428571
core,Kaikaku/epicure-core,d31ebb5af8e92bbaf5cb67381d5006d4ea8368b7,panel_1,fb-executable-substitution-066,substitution,0.7414217361585784,0.7666828034812938,False,1,1,46.05267857142857,56.34017857142857
core,Kaikaku/epicure-core,d31ebb5af8e92bbaf5cb67381d5006d4ea8368b7,panel_1,fb-executable-substitution-106,substitution,0.7594244510399406,0.7976804285864557,False,1,1,34.54982142857143,43.05125
core,Kaikaku/epicure-core,d31ebb5af8e92bbaf5cb67381d5006d4ea8368b7,panel_1,fb-executable-substitution-042,substitution,0.33369788106630216,0.3539858288480304,False,1,1,50.01392857142857,50.099464285714284
core,Kaikaku/epicure-core,d31ebb5af8e92bbaf5cb67381d5006d4ea8368b7,panel_1,fb-executable-substitution-049,substitution,0.7138072453861928,0.7288565230502552,False,1,1,43.3725,47.43142857142857
core,Kaikaku/epicure-core,d31ebb5af8e92bbaf5cb67381d5006d4ea8368b7,panel_1,fb-executable-substitution-143,substitution,0.9516746411483255,0.9591280257124082,True,1,1,45.49196428571428,43.400357142857146
core,Kaikaku/epicure-core,d31ebb5af8e92bbaf5cb67381d5006d4ea8368b7,panel_1,fb-executable-substitution-101,substitution,0.721645961246192,0.6738898126813812,False,1,1,40.41303571428571,43.17160714285715
core,Kaikaku/epicure-core,d31ebb5af8e92bbaf5cb67381d5006d4ea8368b7,panel_1,fb-executable-substitution-099,substitution,0.5224196855775803,0.5711771565657352,False,1,1,46.754285714285714,42.07803571428572
core,Kaikaku/epicure-core,d31ebb5af8e92bbaf5cb67381d5006d4ea8368b7,panel_1,fb-executable-substitution-075,substitution,-0.5416267942583732,-0.5345596101053747,False,1,1,45.58089285714286,47.11875
core,Kaikaku/epicure-core,d31ebb5af8e92bbaf5cb67381d5006d4ea8368b7,panel_1,fb-executable-substitution-006,substitution,0.34433260997183923,0.4030479734209096,False,1,1,42.31232142857143,53.174821428571434
core,Kaikaku/epicure-core,d31ebb5af8e92bbaf5cb67381d5006d4ea8368b7,panel_1,fb-executable-substitution-065,substitution,0.24900888585099112,0.22558741909618907,False,1,1,51.761964285714285,44.73625
core,Kaikaku/epicure-core,d31ebb5af8e92bbaf5cb67381d5006d4ea8368b7,panel_1,fb-executable-substitution-089,substitution,0.8127136021872864,0.8211172696096423,True,1,1,44.74035714285715,44.871607142857144
core,Kaikaku/epicure-core,d31ebb5af8e92bbaf5cb67381d5006d4ea8368b7,panel_1,fb-executable-substitution-027,substitution,0.6395078605604921,0.6779144519264616,False,1,1,49.88732142857143,46.04964285714286
core,Kaikaku/epicure-core,d31ebb5af8e92bbaf5cb67381d5006d4ea8368b7,panel_1,fb-executable-substitution-113,substitution,0.8604237867395763,0.8744874578568393,True,1,1,40.51625,44.06410714285715
core,Kaikaku/epicure-core,d31ebb5af8e92bbaf5cb67381d5006d4ea8368b7,panel_1,fb-executable-substitution-072,substitution,0.15871496924128506,0.19961980228601006,False,1,1,49.27964285714285,40.42089285714286
core,Kaikaku/epicure-core,d31ebb5af8e92bbaf5cb67381d5006d4ea8368b7,panel_1,fb-executable-substitution-007,substitution,0.23615857826384143,0.2857621696389337,False,1,1,49.77160714285715,47.20910714285715
core,Kaikaku/epicure-core,d31ebb5af8e92bbaf5cb67381d5006d4ea8368b7,panel_1,fb-executable-substitution-025,substitution,0.587423103212577,0.554164514355313,False,1,1,49.76464285714285,54.965535714285714
core,Kaikaku/epicure-core,d31ebb5af8e92bbaf5cb67381d5006d4ea8368b7,panel_1,fb-executable-substitution-013,substitution,0.6626794258373205,0.6688429030481755,False,1,1,43.49,41.93
core,Kaikaku/epicure-core,d31ebb5af8e92bbaf5cb67381d5006d4ea8368b7,panel_1,fb-executable-substitution-087,substitution,0.7509911141490089,0.7812617006574548,True,1,1,44.72517857142857,45.45142857142857
core,Kaikaku/epicure-core,d31ebb5af8e92bbaf5cb67381d5006d4ea8368b7,panel_1,fb-executable-substitution-008,substitution,0.43663704716336293,0.448228362853325,False,1,1,43.91589285714285,58.825892857142854
core,Kaikaku/epicure-core,d31ebb5af8e92bbaf5cb67381d5006d4ea8368b7,panel_1,fb-executable-substitution-125,substitution,0.6721235838914332,0.6824160495059113,False,1,1,49.674285714285716,48.89946428571429
core,Kaikaku/epicure-core,d31ebb5af8e92bbaf5cb67381d5006d4ea8368b7,panel_1,fb-executable-substitution-069,substitution,0.671907040328093,0.7105464555933757,False,1,1,44.82160714285715,45.207142857142856
core,Kaikaku/epicure-core,d31ebb5af8e92bbaf5cb67381d5006d4ea8368b7,panel_1,fb-executable-substitution-127,substitution,0.4302192450943436,0.45574843169291956,False,1,1,47.23714285714286,47.40839285714285
core,Kaikaku/epicure-core,d31ebb5af8e92bbaf5cb67381d5006d4ea8368b7,panel_1,fb-executable-substitution-088,substitution,0.6704032809295967,0.7401605478751118,False,1,1,45.99964285714285,46.48017857142857
core,Kaikaku/epicure-core,d31ebb5af8e92bbaf5cb67381d5006d4ea8368b7,panel_1,fb-executable-substitution-149,substitution,0.7875598086124402,0.7604639488312562,False,1,1,46.39839285714285,49.60357142857143
core,Kaikaku/epicure-core,d31ebb5af8e92bbaf5cb67381d5006d4ea8368b7,panel_1,fb-executable-substitution-100,substitution,0.7560963107103721,0.7825352998758226,True,1,1,37.62696428571429,52.015
core,Kaikaku/epicure-core,d31ebb5af8e92bbaf5cb67381d5006d4ea8368b7,panel_1,fb-executable-substitution-103,substitution,0.8788106630211894,0.866880675778797,True,1,1,36.94607142857143,41.33589285714285
core,Kaikaku/epicure-core,d31ebb5af8e92bbaf5cb67381d5006d4ea8368b7,panel_1,fb-executable-substitution-122,substitution,0.9274777853725222,0.920809959534108,False,1,1,39.70946428571428,42.52125
core,Kaikaku/epicure-core,d31ebb5af8e92bbaf5cb67381d5006d4ea8368b7,panel_1,fb-executable-substitution-108,substitution,0.7678742310321258,0.7625791054492999,False,1,1,40.72875,43.33678571428572
core,Kaikaku/epicure-core,d31ebb5af8e92bbaf5cb67381d5006d4ea8368b7,panel_1,fb-executable-substitution-120,substitution,0.5925495557074505,0.6452486501201831,True,1,1,43.49089285714285,42.363392857142856
core,Kaikaku/epicure-core,d31ebb5af8e92bbaf5cb67381d5006d4ea8368b7,panel_1,fb-executable-substitution-138,substitution,0.7244484698335559,0.7742611493840118,False,1,1,49.05714285714285,44.57803571428572
core,Kaikaku/epicure-core,d31ebb5af8e92bbaf5cb67381d5006d4ea8368b7,panel_1,fb-executable-substitution-034,substitution,0.44970009746992157,0.45333625447757653,False,1,1,47.06053571428571,48.01714285714285
core,Kaikaku/epicure-core,d31ebb5af8e92bbaf5cb67381d5006d4ea8368b7,panel_1,fb-executable-substitution-032,substitution,-0.05174299384825701,-0.0339422021605445,False,1,1,52.25267857142857,52.02767857142857
core,Kaikaku/epicure-core,d31ebb5af8e92bbaf5cb67381d5006d4ea8368b7,panel_1,fb-executable-substitution-012,substitution,0.881203007518797,0.8921041743576423,True,1,1,43.75714285714285,42.29410714285714
core,Kaikaku/epicure-core,d31ebb5af8e92bbaf5cb67381d5006d4ea8368b7,panel_1,fb-executable-substitution-104,substitution,0.47484620642515385,0.49232046138209384,False,1,1,50.67625,58.511785714285715
core,Kaikaku/epicure-core,d31ebb5af8e92bbaf5cb67381d5006d4ea8368b7,panel_1,fb-executable-substitution-031,substitution,0.47026657552973344,0.4892181878819499,False,1,1,41.39196428571429,53.99
core,Kaikaku/epicure-core,d31ebb5af8e92bbaf5cb67381d5006d4ea8368b7,panel_1,fb-executable-substitution-010,substitution,0.6467532467532469,0.6223385413352741,False,1,1,42.083035714285714,50.551964285714284
core,Kaikaku/epicure-core,d31ebb5af8e92bbaf5cb67381d5006d4ea8368b7,panel_1,fb-executable-substitution-011,substitution,0.2588605215489251,0.26316382130192995,False,1,1,50.42357142857143,54.86
core,Kaikaku/epicure-core,d31ebb5af8e92bbaf5cb67381d5006d4ea8368b7,panel_1,fb-executable-substitution-155,substitution,0.837799043062201,0.8470399423604925,True,1,1,37.2,39.05696428571429
core,Kaikaku/epicure-core,d31ebb5af8e92bbaf5cb67381d5006d4ea8368b7,panel_1,fb-executable-substitution-047,substitution,0.4801777170198223,0.4790708116375228,False,1,1,54.51446428571428,43.24071428571428
core,Kaikaku/epicure-core,d31ebb5af8e92bbaf5cb67381d5006d4ea8368b7,panel_1,fb-executable-substitution-053,substitution,0.09350968932636111,0.08572159308989745,False,1,1,33.67321428571429,50.82625
core,Kaikaku/epicure-core,d31ebb5af8e92bbaf5cb67381d5006d4ea8368b7,panel_1,fb-executable-substitution-118,substitution,0.6406015037593986,0.6615528623404202,False,1,1,43.581964285714285,50.59910714285715
core,Kaikaku/epicure-core,d31ebb5af8e92bbaf5cb67381d5006d4ea8368b7,panel_1,fb-executable-substitution-146,substitution,0.8466848940533152,0.8823917355480337,True,1,1,35.24053571428571,44.56857142857143
core,Kaikaku/epicure-core,d31ebb5af8e92bbaf5cb67381d5006d4ea8368b7,panel_1,fb-executable-substitution-150,substitution,0.6429938482570061,0.6307327922508689,False,1,1,55.044464285714284,52.87482142857143
core,Kaikaku/epicure-core,d31ebb5af8e92bbaf5cb67381d5006d4ea8368b7,panel_1,fb-executable-substitution-055,substitution,0.43582426226907134,0.44330909073372954,False,1,1,46.03,41.43678571428572
core,Kaikaku/epicure-core,d31ebb5af8e92bbaf5cb67381d5006d4ea8368b7,panel_1,fb-executable-substitution-139,substitution,0.8520797019720427,0.9311588360708776,True,1,1,40.77571428571429,41.50178571428572
core,Kaikaku/epicure-core,d31ebb5af8e92bbaf5cb67381d5006d4ea8368b7,panel_1,fb-executable-substitution-052,substitution,0.5538030384102911,0.5473582660356519,False,1,1,54.38,49.75196428571429
core,Kaikaku/epicure-core,d31ebb5af8e92bbaf5cb67381d5006d4ea8368b7,panel_1,fb-executable-substitution-038,substitution,0.35030758714969246,0.35013203847153285,False,1,1,56.087857142857146,48.99267857142857
core,Kaikaku/epicure-core,d31ebb5af8e92bbaf5cb67381d5006d4ea8368b7,panel_1,fb-executable-substitution-030,substitution,0.6228746220086124,0.6183842323209439,False,1,1,50.65464285714285,39.525178571428576
core,Kaikaku/epicure-core,d31ebb5af8e92bbaf5cb67381d5006d4ea8368b7,panel_1,fb-executable-substitution-123,substitution,0.8059466848940533,0.754530454098006,False,1,1,45.39839285714285,44.05
core,Kaikaku/epicure-core,d31ebb5af8e92bbaf5cb67381d5006d4ea8368b7,panel_1,fb-executable-substitution-026,substitution,-0.11285223604238342,-0.10420840938717478,False,1,1,39.42803571428571,47.176607142857144
core,Kaikaku/epicure-core,d31ebb5af8e92bbaf5cb67381d5006d4ea8368b7,panel_1,fb-executable-substitution-081,substitution,0.5019822282980179,0.546402529958039,False,1,1,43.53803571428571,41.9225
core,Kaikaku/epicure-core,d31ebb5af8e92bbaf5cb67381d5006d4ea8368b7,panel_1,fb-executable-substitution-009,substitution,0.46473000683527005,0.49950217684957704,False,1,1,39.19125,49.05
core,Kaikaku/epicure-core,d31ebb5af8e92bbaf5cb67381d5006d4ea8368b7,panel_1,fb-executable-substitution-059,substitution,0.834928229665072,0.8436790355111529,False,1,1,44.349642857142854,41.26392857142857
core,Kaikaku/epicure-core,d31ebb5af8e92bbaf5cb67381d5006d4ea8368b7,panel_1,fb-executable-substitution-033,substitution,0.05044429254955571,0.09648049620265653,False,1,1,41.83875,36.184464285714284
core,Kaikaku/epicure-core,d31ebb5af8e92bbaf5cb67381d5006d4ea8368b7,panel_1,fb-executable-substitution-062,substitution,0.6882433356117568,0.7100900705136869,False,1,1,44.3725,53.379642857142855
core,Kaikaku/epicure-core,d31ebb5af8e92bbaf5cb67381d5006d4ea8368b7,panel_1,fb-executable-substitution-133,substitution,0.9063381125402684,0.8995450224415933,True,1,1,41.20446428571429,39.7675
core,Kaikaku/epicure-core,d31ebb5af8e92bbaf5cb67381d5006d4ea8368b7,panel_1,fb-executable-substitution-154,substitution,0.9174299384825702,0.9242301344335517,True,1,1,43.47517857142857,45.15642857142857
core,Kaikaku/epicure-core,d31ebb5af8e92bbaf5cb67381d5006d4ea8368b7,panel_1,fb-executable-substitution-045,substitution,0.6557074504442926,0.7042124605845257,False,1,1,46.54857142857143,49.58142857142857
core,Kaikaku/epicure-core,d31ebb5af8e92bbaf5cb67381d5006d4ea8368b7,panel_1,fb-executable-substitution-140,substitution,0.937593984962406,0.9526021399331756,True,1,1,44.18053571428572,45.575535714285714
core,Kaikaku/epicure-core,d31ebb5af8e92bbaf5cb67381d5006d4ea8368b7,panel_1,fb-executable-substitution-093,substitution,0.9217860867047618,0.8978650606730288,True,1,1,42.60517857142857,41.681785714285716
core,Kaikaku/epicure-core,d31ebb5af8e92bbaf5cb67381d5006d4ea8368b7,panel_1,fb-executable-substitution-102,substitution,0.9144224196855776,0.9197476402914382,True,1,1,48.00928571428572,48.722857142857144
core,Kaikaku/epicure-core,d31ebb5af8e92bbaf5cb67381d5006d4ea8368b7,panel_1,fb-executable-substitution-084,substitution,0.7170881749829119,0.7256375809047381,False,1,1,37.63285714285714,47.620892857142856
core,Kaikaku/epicure-core,d31ebb5af8e92bbaf5cb67381d5006d4ea8368b7,panel_1,fb-executable-substitution-160,substitution,0.8434723171565277,0.8687560916571542,True,1,1,41.885535714285716,39.33375
core,Kaikaku/epicure-core,d31ebb5af8e92bbaf5cb67381d5006d4ea8368b7,panel_1,fb-executable-substitution-153,substitution,0.9420369104579631,0.9512433819012596,True,1,1,45.083214285714284,43.92625
core,Kaikaku/epicure-core,d31ebb5af8e92bbaf5cb67381d5006d4ea8368b7,panel_1,fb-executable-substitution-064,substitution,0.40936431989063576,0.38264651792967425,False,1,1,40.41357142857143,43.207678571428566
core,Kaikaku/epicure-core,d31ebb5af8e92bbaf5cb67381d5006d4ea8368b7,panel_1,fb-executable-substitution-134,substitution,0.9279037578893732,0.9295614452564784,True,1,1,44.41517857142857,46.25089285714285
core,Kaikaku/epicure-core,d31ebb5af8e92bbaf5cb67381d5006d4ea8368b7,panel_1,fb-executable-substitution-126,substitution,0.8268626110731374,0.8564338344649358,True,1,1,42.55642857142857,45.92785714285715
core,Kaikaku/epicure-core,d31ebb5af8e92bbaf5cb67381d5006d4ea8368b7,panel_1,fb-executable-substitution-073,substitution,0.725974025974026,0.7802535991629015,False,1,1,50.29357142857143,42.64214285714285
core,Kaikaku/epicure-core,d31ebb5af8e92bbaf5cb67381d5006d4ea8368b7,panel_1,fb-executable-substitution-003,substitution,-0.46794258373205744,-0.4791701244539501,False,1,1,37.080535714285716,39.557678571428575
core,Kaikaku/epicure-core,d31ebb5af8e92bbaf5cb67381d5006d4ea8368b7,panel_1,fb-executable-substitution-152,substitution,0.6038277511961724,0.6038729535884622,False,1,1,42.135892857142856,51.375
core,Kaikaku/epicure-core,d31ebb5af8e92bbaf5cb67381d5006d4ea8368b7,panel_1,fb-executable-substitution-151,substitution,0.8766917293233083,0.8746320689739178,True,1,1,40.87392857142857,48.53178571428572
core,Kaikaku/epicure-core,d31ebb5af8e92bbaf5cb67381d5006d4ea8368b7,panel_1,fb-executable-substitution-107,substitution,0.8480125778219175,0.875751724114015,False,1,1,40.25089285714286,45.42017857142857
core,Kaikaku/epicure-core,d31ebb5af8e92bbaf5cb67381d5006d4ea8368b7,panel_1,fb-executable-substitution-097,substitution,0.7660759754361067,0.7733772066376311,False,1,1,44.3925,42.40446428571428
core,Kaikaku/epicure-core,d31ebb5af8e92bbaf5cb67381d5006d4ea8368b7,panel_1,fb-executable-substitution-112,substitution,0.4019549206827594,0.467872704872777,False,1,1,44.502857142857145,47.801964285714284
core,Kaikaku/epicure-core,d31ebb5af8e92bbaf5cb67381d5006d4ea8368b7,panel_1,fb-executable-substitution-117,substitution,0.9335611756664388,0.9367987330594528,False,1,1,48.21517857142857,45.23357142857143
core,Kaikaku/epicure-core,d31ebb5af8e92bbaf5cb67381d5006d4ea8368b7,panel_1,fb-executable-substitution-116,substitution,0.6895314266305491,0.7168112754078615,False,1,1,49.28910714285715,47.520535714285714
core,Kaikaku/epicure-core,d31ebb5af8e92bbaf5cb67381d5006d4ea8368b7,panel_1,fb-executable-substitution-131,substitution,0.7288914712525474,0.7589994243174407,False,1,1,45.27625,44.628214285714286
core,Kaikaku/epicure-core,d31ebb5af8e92bbaf5cb67381d5006d4ea8368b7,panel_1,fb-executable-substitution-005,substitution,0.27771701982228303,0.215364359430134,False,1,1,50.979464285714286,50.543928571428566
core,Kaikaku/epicure-core,d31ebb5af8e92bbaf5cb67381d5006d4ea8368b7,panel_1,fb-executable-substitution-067,substitution,0.6822966507177034,0.7299515629937431,False,1,1,42.12339285714285,43.47053571428572
core,Kaikaku/epicure-core,d31ebb5af8e92bbaf5cb67381d5006d4ea8368b7,panel_1,fb-executable-substitution-159,substitution,0.7701430305811835,0.7765963875437203,False,1,1,45.597142857142856,42.847142857142856
core,Kaikaku/epicure-core,d31ebb5af8e92bbaf5cb67381d5006d4ea8368b7,panel_1,fb-executable-substitution-114,substitution,0.7349282296650718,0.7178894291234998,False,1,1,48.393571428571434,47.97232142857143
core,Kaikaku/epicure-core,d31ebb5af8e92bbaf5cb67381d5006d4ea8368b7,panel_1,fb-executable-substitution-050,substitution,0.4901572112098428,0.531990026145065,False,1,1,54.71,50.00803571428572
core,Kaikaku/epicure-core,d31ebb5af8e92bbaf5cb67381d5006d4ea8368b7,panel_1,fb-executable-substitution-090,substitution,0.26370471633629533,0.3261268883014,False,1,1,46.6125,44.20357142857143
core,Kaikaku/epicure-core,d31ebb5af8e92bbaf5cb67381d5006d4ea8368b7,panel_1,fb-executable-substitution-148,substitution,0.6773069036226932,0.6949887968188448,False,1,1,46.71946428571428,47.88375
core,Kaikaku/epicure-core,d31ebb5af8e92bbaf5cb67381d5006d4ea8368b7,panel_1,fb-executable-substitution-110,substitution,0.508339029391661,0.5224040711191307,False,1,1,48.66625,44.40785714285715
core,Kaikaku/epicure-core,d31ebb5af8e92bbaf5cb67381d5006d4ea8368b7,panel_1,fb-executable-pairing-047,pairing,0.7354534425790579,0.7250845752127918,True,1,1,41.83017857142857,54.58017857142857
core,Kaikaku/epicure-core,d31ebb5af8e92bbaf5cb67381d5006d4ea8368b7,panel_1,fb-executable-pairing-076,pairing,0.48858509911141496,0.530425502424105,False,1,1,46.45875,53.26553571428572
core,Kaikaku/epicure-core,d31ebb5af8e92bbaf5cb67381d5006d4ea8368b7,panel_1,fb-executable-pairing-028,pairing,0.5235133287764867,0.5458925178745591,False,1,1,50.85142857142857,43.83607142857143
core,Kaikaku/epicure-core,d31ebb5af8e92bbaf5cb67381d5006d4ea8368b7,panel_1,fb-executable-pairing-135,pairing,0.8228096858632286,0.8414379978908296,False,1,1,43.23482142857143,43.86107142857143
core,Kaikaku/epicure-core,d31ebb5af8e92bbaf5cb67381d5006d4ea8368b7,panel_1,fb-executable-pairing-033,pairing,0.46821599453178403,0.5365226769834395,False,1,1,46.89375,40.48464285714286
core,Kaikaku/epicure-core,d31ebb5af8e92bbaf5cb67381d5006d4ea8368b7,panel_1,fb-executable-pairing-046,pairing,0.6880382775119618,0.6982484469802394,False,1,1,43.369821428571434,41.55357142857143
core,Kaikaku/epicure-core,d31ebb5af8e92bbaf5cb67381d5006d4ea8368b7,panel_1,fb-executable-pairing-015,pairing,0.4135750782401217,0.4550874240945138,False,1,1,44.485,35.56767857142857
core,Kaikaku/epicure-core,d31ebb5af8e92bbaf5cb67381d5006d4ea8368b7,panel_1,fb-executable-pairing-101,pairing,0.7156527682843472,0.7323114675229675,False,1,1,42.52303571428572,50.39160714285715
core,Kaikaku/epicure-core,d31ebb5af8e92bbaf5cb67381d5006d4ea8368b7,panel_1,fb-executable-pairing-147,pairing,0.738961038961039,0.747266982012159,True,1,1,43.78678571428571,50.441785714285714
core,Kaikaku/epicure-core,d31ebb5af8e92bbaf5cb67381d5006d4ea8368b7,panel_1,fb-executable-pairing-080,pairing,0.5207108680792891,0.5585088674513453,True,1,1,46.972142857142856,45.91232142857143
core,Kaikaku/epicure-core,d31ebb5af8e92bbaf5cb67381d5006d4ea8368b7,panel_1,fb-executable-pairing-007,pairing,0.5415584415584416,0.523733990545476,False,1,1,50.71803571428572,47.622142857142855
core,Kaikaku/epicure-core,d31ebb5af8e92bbaf5cb67381d5006d4ea8368b7,panel_1,fb-executable-pairing-152,pairing,0.8205058099794943,0.8609547958903946,False,1,1,42.362321428571434,43.63214285714285
core,Kaikaku/epicure-core,d31ebb5af8e92bbaf5cb67381d5006d4ea8368b7,panel_1,fb-executable-pairing-148,pairing,0.7480519480519481,0.7584885496340892,False,1,1,37.13196428571428,47.27517857142857
core,Kaikaku/epicure-core,d31ebb5af8e92bbaf5cb67381d5006d4ea8368b7,panel_1,fb-executable-pairing-094,pairing,0.6820232399179768,0.7181543403589965,False,1,1,40.34553571428572,42.54267857142857
core,Kaikaku/epicure-core,d31ebb5af8e92bbaf5cb67381d5006d4ea8368b7,panel_1,fb-executable-pairing-079,pairing,0.4196172248803828,0.4626423629430605,True,1,1,45.86821428571429,48.07
core,Kaikaku/epicure-core,d31ebb5af8e92bbaf5cb67381d5006d4ea8368b7,panel_1,fb-executable-pairing-086,pairing,0.6864095423001904,0.6754154318772149,False,1,1,49.98482142857143,40.84571428571429
core,Kaikaku/epicure-core,d31ebb5af8e92bbaf5cb67381d5006d4ea8368b7,panel_1,fb-executable-pairing-133,pairing,0.6586466165413534,0.6826714978856829,False,1,1,37.77964285714286,50.02571428571429
core,Kaikaku/epicure-core,d31ebb5af8e92bbaf5cb67381d5006d4ea8368b7,panel_1,fb-executable-pairing-157,pairing,0.7276269246948344,0.7606612615275016,False,1,1,46.55321428571428,47.74982142857143
core,Kaikaku/epicure-core,d31ebb5af8e92bbaf5cb67381d5006d4ea8368b7,panel_1,fb-executable-pairing-143,pairing,0.5150375939849625,0.5552797600900838,False,1,1,42.08,47.666964285714286
core,Kaikaku/epicure-core,d31ebb5af8e92bbaf5cb67381d5006d4ea8368b7,panel_1,fb-executable-pairing-160,pairing,0.5974025974025975,0.7057187530997339,False,1,1,36.70428571428572,32.14160714285714
core,Kaikaku/epicure-core,d31ebb5af8e92bbaf5cb67381d5006d4ea8368b7,panel_1,fb-executable-pairing-142,pairing,0.7212576896787424,0.7154669340642508,False,1,1,46.33767857142857,44.67125
core,Kaikaku/epicure-core,d31ebb5af8e92bbaf5cb67381d5006d4ea8368b7,panel_1,fb-executable-pairing-081,pairing,0.33916609706083395,0.32396892263084603,False,1,1,50.24125,58.96625
core,Kaikaku/epicure-core,d31ebb5af8e92bbaf5cb67381d5006d4ea8368b7,panel_1,fb-executable-pairing-155,pairing,0.6881066302118934,0.6905868077154326,True,1,1,39.13160714285714,48.57803571428572
core,Kaikaku/epicure-core,d31ebb5af8e92bbaf5cb67381d5006d4ea8368b7,panel_1,fb-executable-pairing-041,pairing,0.3979494190020506,0.4064110656072386,False,1,1,46.176964285714284,46.564821428571435
core,Kaikaku/epicure-core,d31ebb5af8e92bbaf5cb67381d5006d4ea8368b7,panel_1,fb-executable-pairing-153,pairing,0.8708817498291184,0.8814045250121451,False,1,1,44.99214285714285,38.512321428571425
core,Kaikaku/epicure-core,d31ebb5af8e92bbaf5cb67381d5006d4ea8368b7,panel_1,fb-executable-pairing-066,pairing,0.3927546138072454,0.4657093416211535,False,1,1,45.44303571428571,44.35142857142857
core,Kaikaku/epicure-core,d31ebb5af8e92bbaf5cb67381d5006d4ea8368b7,panel_1,fb-executable-pairing-055,pairing,0.19528366370471634,0.2486878277068801,False,1,1,50.035,48.456964285714285
core,Kaikaku/epicure-core,d31ebb5af8e92bbaf5cb67381d5006d4ea8368b7,panel_1,fb-executable-pairing-003,pairing,0.6441558441558443,0.6746667143994971,False,1,1,48.755,42.52446428571429
core,Kaikaku/epicure-core,d31ebb5af8e92bbaf5cb67381d5006d4ea8368b7,panel_1,fb-executable-pairing-078,pairing,0.24702665755297332,0.29058152490414374,True,1,1,43.87446428571428,48.871964285714284
core,Kaikaku/epicure-core,d31ebb5af8e92bbaf5cb67381d5006d4ea8368b7,panel_1,fb-executable-pairing-159,pairing,0.9109364319890635,0.9127367664845992,True,1,1,35.348214285714285,49.814821428571435
core,Kaikaku/epicure-core,d31ebb5af8e92bbaf5cb67381d5006d4ea8368b7,panel_1,fb-executable-pairing-151,pairing,0.6825700615174299,0.6879956642157838,False,1,1,45.14875,50.82071428571428
core,Kaikaku/epicure-core,d31ebb5af8e92bbaf5cb67381d5006d4ea8368b7,panel_1,fb-executable-pairing-032,pairing,0.3867803619902039,0.3647654094416466,False,1,1,44.380178571428566,47.932321428571434
core,Kaikaku/epicure-core,d31ebb5af8e92bbaf5cb67381d5006d4ea8368b7,panel_1,fb-executable-pairing-054,pairing,0.7101161995898838,0.7434891513131089,False,1,1,56.558214285714286,50.683392857142856
core,Kaikaku/epicure-core,d31ebb5af8e92bbaf5cb67381d5006d4ea8368b7,panel_1,fb-executable-pairing-121,pairing,0.8926179084073822,0.8841408424278874,True,1,1,50.07053571428572,49.589464285714286
core,Kaikaku/epicure-core,d31ebb5af8e92bbaf5cb67381d5006d4ea8368b7,panel_1,fb-executable-pairing-111,pairing,0.6822282980177717,0.7015014397399795,False,1,1,49.91857142857143,50.2325
core,Kaikaku/epicure-core,d31ebb5af8e92bbaf5cb67381d5006d4ea8368b7,panel_1,fb-executable-pairing-120,pairing,0.9002546182896493,0.9165221947085415,False,1,1,46.002857142857145,41.534107142857145
core,Kaikaku/epicure-core,d31ebb5af8e92bbaf5cb67381d5006d4ea8368b7,panel_1,fb-executable-pairing-084,pairing,0.6687742443601935,0.6747974173751932,False,1,1,49.21035714285715,42.28482142857143
core,Kaikaku/epicure-core,d31ebb5af8e92bbaf5cb67381d5006d4ea8368b7,panel_1,fb-executable-pairing-145,pairing,0.5156527682843473,0.5625999472067948,False,1,1,38.89892857142857,45.744285714285716
core,Kaikaku/epicure-core,d31ebb5af8e92bbaf5cb67381d5006d4ea8368b7,panel_1,fb-executable-pairing-058,pairing,0.4214699499923296,0.44881207032668036,False,1,1,44.54714285714285,44.20446428571429
core,Kaikaku/epicure-core,d31ebb5af8e92bbaf5cb67381d5006d4ea8368b7,panel_1,fb-executable-pairing-126,pairing,0.9180949778335996,0.9168960621909608,True,1,1,39.82535714285714,43.86892857142857
core,Kaikaku/epicure-core,d31ebb5af8e92bbaf5cb67381d5006d4ea8368b7,panel_1,fb-executable-pairing-103,pairing,0.6436773752563226,0.7127888496767951,True,1,1,39.83482142857142,50.363214285714285
core,Kaikaku/epicure-core,d31ebb5af8e92bbaf5cb67381d5006d4ea8368b7,panel_1,fb-executable-pairing-141,pairing,0.8237183868762816,0.8199574248374403,False,1,1,46.975,44.60089285714285
core,Kaikaku/epicure-core,d31ebb5af8e92bbaf5cb67381d5006d4ea8368b7,panel_1,fb-executable-pairing-022,pairing,0.6656185919343814,0.7215146410701304,True,1,1,43.73553571428572,57.01535714285715
core,Kaikaku/epicure-core,d31ebb5af8e92bbaf5cb67381d5006d4ea8368b7,panel_1,fb-executable-pairing-014,pairing,0.8749145591250855,0.8855263619742672,True,1,1,38.59964285714286,44.15410714285715
core,Kaikaku/epicure-core,d31ebb5af8e92bbaf5cb67381d5006d4ea8368b7,panel_1,fb-executable-pairing-069,pairing,0.46486671223513326,0.5047243438514172,False,1,1,46.10107142857143,56.00553571428571
core,Kaikaku/epicure-core,d31ebb5af8e92bbaf5cb67381d5006d4ea8368b7,panel_1,fb-executable-pairing-098,pairing,0.8025769409398213,0.8375083293828419,False,1,1,45.32803571428572,45.18071428571429
core,Kaikaku/epicure-core,d31ebb5af8e92bbaf5cb67381d5006d4ea8368b7,panel_1,fb-executable-pairing-073,pairing,0.2710914404264644,0.29821095642023615,False,1,1,39.848392857142855,55.26464285714285
core,Kaikaku/epicure-core,d31ebb5af8e92bbaf5cb67381d5006d4ea8368b7,panel_1,fb-executable-pairing-024,pairing,0.7262256704011524,0.7255098277528651,True,1,1,34.69446428571428,50.95035714285714
core,Kaikaku/epicure-core,d31ebb5af8e92bbaf5cb67381d5006d4ea8368b7,panel_1,fb-executable-pairing-106,pairing,0.6478468899521531,0.6502624505573792,False,1,1,41.020714285714284,46.26357142857143
core,Kaikaku/epicure-core,d31ebb5af8e92bbaf5cb67381d5006d4ea8368b7,panel_1,fb-executable-pairing-004,pairing,0.39966506610527913,0.3937366467082362,False,1,1,39.27196428571428,39.07357142857143
core,Kaikaku/epicure-core,d31ebb5af8e92bbaf5cb67381d5006d4ea8368b7,panel_1,fb-executable-pairing-072,pairing,0.5493506493506494,0.5231274931684393,False,1,1,45.65428571428571,46.45196428571428
core,Kaikaku/epicure-core,d31ebb5af8e92bbaf5cb67381d5006d4ea8368b7,panel_1,fb-executable-pairing-053,pairing,0.8006151742993848,0.8005245634060086,False,1,1,46.94625,46.528214285714284
core,Kaikaku/epicure-core,d31ebb5af8e92bbaf5cb67381d5006d4ea8368b7,panel_1,fb-executable-pairing-035,pairing,0.30287081339712923,0.306998220758524,False,1,1,45.060178571428565,46.75160714285715
core,Kaikaku/epicure-core,d31ebb5af8e92bbaf5cb67381d5006d4ea8368b7,panel_1,fb-executable-pairing-010,pairing,-0.2537252221462748,-0.18211295421904553,False,1,1,38.94732142857143,43.519285714285715
core,Kaikaku/epicure-core,d31ebb5af8e92bbaf5cb67381d5006d4ea8368b7,panel_1,fb-executable-pairing-060,pairing,0.44272043745727957,0.5393380295704105,True,1,1,43.22053571428572,46.354464285714286
core,Kaikaku/epicure-core,d31ebb5af8e92bbaf5cb67381d5006d4ea8368b7,panel_1,fb-executable-pairing-016,pairing,0.725222146274778,0.7259783085775001,False,1,1,45.63375,46.78285714285715
core,Kaikaku/epicure-core,d31ebb5af8e92bbaf5cb67381d5006d4ea8368b7,panel_1,fb-executable-pairing-107,pairing,0.8799726589200274,0.880559388593869,True,1,1,40.668214285714285,48.42303571428572
core,Kaikaku/epicure-core,d31ebb5af8e92bbaf5cb67381d5006d4ea8368b7,panel_1,fb-executable-pairing-144,pairing,0.41771048725318305,0.44250502516548906,False,1,1,40.355,49.418928571428566
core,Kaikaku/epicure-core,d31ebb5af8e92bbaf5cb67381d5006d4ea8368b7,panel_1,fb-executable-pairing-009,pairing,0.6127819548872181,0.6459135171213235,False,1,1,53.82107142857143,42.14660714285715
core,Kaikaku/epicure-core,d31ebb5af8e92bbaf5cb67381d5006d4ea8368b7,panel_1,fb-executable-pairing-110,pairing,0.7820232399179767,0.7690293403514453,False,1,1,50.24142857142857,45.714107142857145
core,Kaikaku/epicure-core,d31ebb5af8e92bbaf5cb67381d5006d4ea8368b7,panel_1,fb-executable-pairing-140,pairing,-0.05242652084757349,-0.014951043399041538,False,1,1,45.38267857142857,39.59964285714286
core,Kaikaku/epicure-core,d31ebb5af8e92bbaf5cb67381d5006d4ea8368b7,panel_1,fb-executable-pairing-052,pairing,0.4423103212576897,0.49080439308297047,False,1,1,45.16303571428571,45.73375
core,Kaikaku/epicure-core,d31ebb5af8e92bbaf5cb67381d5006d4ea8368b7,panel_1,fb-executable-pairing-019,pairing,0.6440643210838024,0.6104038069212591,False,1,1,44.40017857142857,44.63142857142857
core,Kaikaku/epicure-core,d31ebb5af8e92bbaf5cb67381d5006d4ea8368b7,panel_1,fb-executable-pairing-097,pairing,0.5952836637047164,0.6150568500873934,False,1,1,44.70517857142857,45.32696428571428
core,Kaikaku/epicure-core,d31ebb5af8e92bbaf5cb67381d5006d4ea8368b7,panel_1,fb-executable-pairing-092,pairing,0.9348598769651402,0.92733762149577,False,1,1,49.49910714285715,49.8025
core,Kaikaku/epicure-core,d31ebb5af8e92bbaf5cb67381d5006d4ea8368b7,panel_1,fb-executable-pairing-045,pairing,0.3277567969856018,0.30493939155410427,False,1,1,40.895,50.472142857142856
core,Kaikaku/epicure-core,d31ebb5af8e92bbaf5cb67381d5006d4ea8368b7,panel_1,fb-executable-pairing-071,pairing,0.3341079972658921,0.3452136572859789,False,1,1,39.230714285714285,51.7375
core,Kaikaku/epicure-core,d31ebb5af8e92bbaf5cb67381d5006d4ea8368b7,panel_1,fb-executable-pairing-131,pairing,0.2770334928229665,0.29020470094963496,False,1,1,51.65625,49.0825
core,Kaikaku/epicure-core,d31ebb5af8e92bbaf5cb67381d5006d4ea8368b7,panel_1,fb-executable-pairing-093,pairing,0.5864661654135339,0.5998022559051617,False,1,1,43.93071428571429,44.36714285714285
core,Kaikaku/epicure-core,d31ebb5af8e92bbaf5cb67381d5006d4ea8368b7,panel_1,fb-executable-pairing-116,pairing,0.809501025290499,0.8175041701186619,False,1,1,41.78392857142857,52.64910714285715
core,Kaikaku/epicure-core,d31ebb5af8e92bbaf5cb67381d5006d4ea8368b7,panel_1,fb-executable-pairing-029,pairing,0.8618591934381409,0.8641520271526826,True,1,1,44.52375,50.662142857142854
core,Kaikaku/epicure-core,d31ebb5af8e92bbaf5cb67381d5006d4ea8368b7,panel_1,fb-executable-pairing-001,pairing,0.8261790840738209,0.8377958835167778,False,1,1,52.025535714285716,47.263214285714284
core,Kaikaku/epicure-core,d31ebb5af8e92bbaf5cb67381d5006d4ea8368b7,panel_1,fb-executable-pairing-130,pairing,0.717634996582365,0.7004381417243063,False,1,1,44.60892857142857,46.06928571428571
core,Kaikaku/epicure-core,d31ebb5af8e92bbaf5cb67381d5006d4ea8368b7,panel_1,fb-executable-pairing-051,pairing,0.7233082706766918,0.7661054837859008,False,1,1,38.447857142857146,46.481428571428566
core,Kaikaku/epicure-core,d31ebb5af8e92bbaf5cb67381d5006d4ea8368b7,panel_1,fb-executable-pairing-039,pairing,0.40225563909774437,0.39199288871603005,False,1,1,48.64982142857143,39.61589285714286
core,Kaikaku/epicure-core,d31ebb5af8e92bbaf5cb67381d5006d4ea8368b7,panel_1,fb-executable-pairing-025,pairing,-0.2359535201640465,-0.18916997065235724,False,1,1,52.94446428571428,50.20464285714285
core,Kaikaku/epicure-core,d31ebb5af8e92bbaf5cb67381d5006d4ea8368b7,panel_1,fb-executable-pairing-124,pairing,0.7993848257006152,0.8073473273900685,False,1,1,38.815892857142856,44.503392857142856
core,Kaikaku/epicure-core,d31ebb5af8e92bbaf5cb67381d5006d4ea8368b7,panel_1,fb-executable-pairing-026,pairing,0.29712918660287085,0.2984416369242149,False,1,1,43.30303571428571,54.160357142857144
core,Kaikaku/epicure-core,d31ebb5af8e92bbaf5cb67381d5006d4ea8368b7,panel_1,fb-executable-pairing-043,pairing,0.6940533151059467,0.7341064120199543,False,1,1,43.096607142857145,48.034464285714286
core,Kaikaku/epicure-core,d31ebb5af8e92bbaf5cb67381d5006d4ea8368b7,panel_1,fb-executable-pairing-006,pairing,0.3484680189849005,0.37183047498568844,False,1,1,44.99946428571428,48.38785714285714
core,Kaikaku/epicure-core,d31ebb5af8e92bbaf5cb67381d5006d4ea8368b7,panel_1,fb-executable-pairing-083,pairing,0.8962559170125568,0.9166587106082759,True,1,1,37.42803571428571,43.62446428571428
core,Kaikaku/epicure-core,d31ebb5af8e92bbaf5cb67381d5006d4ea8368b7,panel_1,fb-executable-pairing-017,pairing,-0.004101161995898839,-0.04283760919441077,False,1,1,42.42875,47.91642857142857
core,Kaikaku/epicure-core,d31ebb5af8e92bbaf5cb67381d5006d4ea8368b7,panel_1,fb-executable-pairing-056,pairing,0.8449077238550923,0.8438442762360143,True,1,1,40.652321428571426,41.193392857142854
core,Kaikaku/epicure-core,d31ebb5af8e92bbaf5cb67381d5006d4ea8368b7,panel_1,fb-executable-pairing-138,pairing,0.5841421736158579,0.6426890178175264,False,1,1,48.39803571428572,42.0725
core,Kaikaku/epicure-core,d31ebb5af8e92bbaf5cb67381d5006d4ea8368b7,panel_1,fb-executable-pairing-018,pairing,0.6226353834706666,0.6659072011109733,False,1,1,51.035535714285714,47.28625
core,Kaikaku/epicure-core,d31ebb5af8e92bbaf5cb67381d5006d4ea8368b7,panel_1,fb-executable-pairing-065,pairing,0.7367737525632263,0.745115778032884,False,1,1,51.129107142857144,49.97839285714285
core,Kaikaku/epicure-core,d31ebb5af8e92bbaf5cb67381d5006d4ea8368b7,panel_1,fb-executable-pairing-005,pairing,0.38386876281613125,0.4004642309602719,False,1,1,38.840714285714284,54.51982142857143
core,Kaikaku/epicure-core,d31ebb5af8e92bbaf5cb67381d5006d4ea8368b7,panel_1,fb-executable-pairing-042,pairing,0.7612228508092084,0.7936420791419045,False,1,1,42.45125,45.50482142857143
core,Kaikaku/epicure-core,d31ebb5af8e92bbaf5cb67381d5006d4ea8368b7,panel_1,fb-executable-pairing-099,pairing,0.6972658920027341,0.693891384718156,False,1,1,39.98517857142858,47.19392857142857
core,Kaikaku/epicure-core,d31ebb5af8e92bbaf5cb67381d5006d4ea8368b7,panel_1,fb-executable-constraint-158,constraint,0.9999999999999999,0.8721153479745501,True,1,1,4.451607142857143,2.6133928571428573
core,Kaikaku/epicure-core,d31ebb5af8e92bbaf5cb67381d5006d4ea8368b7,panel_1,fb-executable-constraint-053,constraint,0.6593357271095152,0.6389943294711453,False,1,1,2.4264285714285716,3.7607142857142857
core,Kaikaku/epicure-core,d31ebb5af8e92bbaf5cb67381d5006d4ea8368b7,panel_1,fb-executable-constraint-103,constraint,0.6728007181328545,0.952503574632538,True,1,1,3.4205357142857142,3.7114285714285717
core,Kaikaku/epicure-core,d31ebb5af8e92bbaf5cb67381d5006d4ea8368b7,panel_1,fb-executable-constraint-013,constraint,0.9995511669658885,0.7335895407581631,False,1,1,2.7810714285714284,2.5014285714285713
core,Kaikaku/epicure-core,d31ebb5af8e92bbaf5cb67381d5006d4ea8368b7,panel_1,fb-executable-constraint-095,constraint,0.6723518850987432,0.954180823192964,False,1,1,3.6505357142857147,3.6848214285714285
core,Kaikaku/epicure-core,d31ebb5af8e92bbaf5cb67381d5006d4ea8368b7,panel_1,fb-executable-constraint-052,constraint,0.998653500897666,0.7794085635584539,False,1,1,3.7439285714285715,4.316964285714286
core,Kaikaku/epicure-core,d31ebb5af8e92bbaf5cb67381d5006d4ea8368b7,panel_1,fb-executable-constraint-004,constraint,0.6602333931777377,0.7155495335501119,True,1,1,3.0560714285714283,4.286785714285714
core,Kaikaku/epicure-core,d31ebb5af8e92bbaf5cb67381d5006d4ea8368b7,panel_1,fb-executable-constraint-036,constraint,0.6593357271095152,0.7448262179071529,False,1,1,3.924642857142857,3.6560714285714284
core,Kaikaku/epicure-core,d31ebb5af8e92bbaf5cb67381d5006d4ea8368b7,panel_1,fb-executable-constraint-128,constraint,0.9995511669658885,0.7858151834099161,True,1,1,4.677321428571428,2.592321428571428
core,Kaikaku/epicure-core,d31ebb5af8e92bbaf5cb67381d5006d4ea8368b7,panel_1,fb-executable-constraint-114,constraint,0.998653500897666,0.7930955850835477,False,1,1,3.01375,4.710714285714285
core,Kaikaku/epicure-core,d31ebb5af8e92bbaf5cb67381d5006d4ea8368b7,panel_1,fb-executable-constraint-017,constraint,0.998653500897666,0.5516767585898671,False,1,1,2.239642857142857,3.4796428571428573
core,Kaikaku/epicure-core,d31ebb5af8e92bbaf5cb67381d5006d4ea8368b7,panel_1,fb-executable-constraint-154,constraint,0.998653500897666,0.5480336048181399,False,1,1,2.0828571428571427,3.2641071428571427
core,Kaikaku/epicure-core,d31ebb5af8e92bbaf5cb67381d5006d4ea8368b7,panel_1,fb-executable-constraint-150,constraint,0.6728007181328545,0.9542826957875137,True,1,1,3.1191071428571426,2.887321428571428
core,Kaikaku/epicure-core,d31ebb5af8e92bbaf5cb67381d5006d4ea8368b7,panel_1,fb-executable-constraint-062,constraint,0.9995511669658885,0.8621209371582427,False,1,1,2.5508928571428573,3.67625
core,Kaikaku/epicure-core,d31ebb5af8e92bbaf5cb67381d5006d4ea8368b7,panel_1,fb-executable-constraint-064,constraint,0.6723518850987432,0.8693717453891442,False,1,1,2.4739285714285715,4.055535714285714
core,Kaikaku/epicure-core,d31ebb5af8e92bbaf5cb67381d5006d4ea8368b7,panel_1,fb-executable-constraint-088,constraint,0.6481149012567324,0.9960297164879315,True,1,1,2.0028571428571427,1.8283928571428572
core,Kaikaku/epicure-core,d31ebb5af8e92bbaf5cb67381d5006d4ea8368b7,panel_1,fb-executable-constraint-146,constraint,0.6602333931777377,0.8820994399272091,True,1,1,2.8403571428571426,2.0298214285714287
core,Kaikaku/epicure-core,d31ebb5af8e92bbaf5cb67381d5006d4ea8368b7,panel_1,fb-executable-constraint-009,constraint,0.6467684021543985,0.6563816226354796,False,1,1,4.15375,3.1732142857142858
core,Kaikaku/epicure-core,d31ebb5af8e92bbaf5cb67381d5006d4ea8368b7,panel_1,fb-executable-constraint-071,constraint,0.998653500897666,0.8984859750283551,False,1,1,3.3692857142857147,5.025714285714286
core,Kaikaku/epicure-core,d31ebb5af8e92bbaf5cb67381d5006d4ea8368b7,panel_1,fb-executable-constraint-066,constraint,0.6463195691202871,0.3779795552487143,False,1,1,4.591964285714286,2.7255357142857144
core,Kaikaku/epicure-core,d31ebb5af8e92bbaf5cb67381d5006d4ea8368b7,panel_1,fb-executable-constraint-133,constraint,0.6350987432675045,0.2608560051139246,False,1,1,3.052142857142857,2.6082142857142854
core,Kaikaku/epicure-core,d31ebb5af8e92bbaf5cb67381d5006d4ea8368b7,panel_1,fb-executable-constraint-125,constraint,0.9999999999999999,0.9488280707272538,True,1,1,4.453392857142857,3.1669642857142857
core,Kaikaku/epicure-core,d31ebb5af8e92bbaf5cb67381d5006d4ea8368b7,panel_1,fb-executable-constraint-143,constraint,0.6350987432675045,0.4596532848196914,False,1,1,2.94375,4.289464285714286
core,Kaikaku/epicure-core,d31ebb5af8e92bbaf5cb67381d5006d4ea8368b7,panel_1,fb-executable-constraint-074,constraint,0.6602333931777377,0.7956167033873053,True,1,1,2.876071428571428,4.196607142857143
core,Kaikaku/epicure-core,d31ebb5af8e92bbaf5cb67381d5006d4ea8368b7,panel_1,fb-executable-constraint-029,constraint,0.6728007181328545,0.7966635780792409,True,1,1,3.1328571428571426,4.683928571428572
core,Kaikaku/epicure-core,d31ebb5af8e92bbaf5cb67381d5006d4ea8368b7,panel_1,fb-executable-constraint-007,constraint,0.998653500897666,0.8138009780053383,False,1,1,3.9433928571428574,3.8505357142857144
core,Kaikaku/epicure-core,d31ebb5af8e92bbaf5cb67381d5006d4ea8368b7,panel_1,fb-executable-constraint-132,constraint,0.9995511669658885,0.8567667779758602,False,1,1,4.445892857142857,2.6964285714285716
core,Kaikaku/epicure-core,d31ebb5af8e92bbaf5cb67381d5006d4ea8368b7,panel_1,fb-executable-constraint-087,constraint,0.6723518850987432,0.9193653522756496,False,1,1,3.4951785714285717,3.2435714285714283
core,Kaikaku/epicure-core,d31ebb5af8e92bbaf5cb67381d5006d4ea8368b7,panel_1,fb-executable-constraint-105,constraint,0.998653500897666,0.8431329779480004,False,1,1,3.6769642857142855,4.570178571428571
core,Kaikaku/epicure-core,d31ebb5af8e92bbaf5cb67381d5006d4ea8368b7,panel_1,fb-executable-constraint-058,constraint,0.9995511669658885,0.8875649895290818,False,1,1,3.3548214285714284,3.7610714285714284
core,Kaikaku/epicure-core,d31ebb5af8e92bbaf5cb67381d5006d4ea8368b7,panel_1,fb-executable-constraint-144,constraint,0.6602333931777377,0.7918597162435259,True,1,1,3.6414285714285715,4.014107142857143
core,Kaikaku/epicure-core,d31ebb5af8e92bbaf5cb67381d5006d4ea8368b7,panel_1,fb-executable-constraint-106,constraint,0.9995511669658885,0.9031202083709124,True,1,1,3.2569642857142855,2.1535714285714285
core,Kaikaku/epicure-core,d31ebb5af8e92bbaf5cb67381d5006d4ea8368b7,panel_1,fb-executable-constraint-097,constraint,0.6728007181328545,0.8528052559999706,True,1,1,4.159642857142857,4.435714285714286
core,Kaikaku/epicure-core,d31ebb5af8e92bbaf5cb67381d5006d4ea8368b7,panel_1,fb-executable-constraint-003,constraint,0.6472172351885097,0.4699537372028377,False,1,1,4.8167857142857144,3.7558928571428574
core,Kaikaku/epicure-core,d31ebb5af8e92bbaf5cb67381d5006d4ea8368b7,panel_1,fb-executable-constraint-010,constraint,0.6342010771992819,0.13810499999233453,False,1,1,3.5658928571428574,3.3501785714285717
core,Kaikaku/epicure-core,d31ebb5af8e92bbaf5cb67381d5006d4ea8368b7,panel_1,fb-executable-constraint-078,constraint,0.6472172351885097,0.6465356332733498,False,1,1,4.052678571428571,2.9516071428571427
core,Kaikaku/epicure-core,d31ebb5af8e92bbaf5cb67381d5006d4ea8368b7,panel_1,fb-executable-constraint-045,constraint,0.6472172351885097,0.6535669830591364,False,1,1,2.280357142857143,3.5180357142857144
core,Kaikaku/epicure-core,d31ebb5af8e92bbaf5cb67381d5006d4ea8368b7,panel_1,fb-executable-constraint-080,constraint,0.9999999999999999,0.942994273127806,True,1,1,2.6355357142857145,3.4917857142857143
core,Kaikaku/epicure-core,d31ebb5af8e92bbaf5cb67381d5006d4ea8368b7,panel_1,fb-executable-constraint-113,constraint,0.6602333931777377,0.9160546358602463,True,1,1,2.3217857142857143,2.7301785714285716
core,Kaikaku/epicure-core,d31ebb5af8e92bbaf5cb67381d5006d4ea8368b7,panel_1,fb-executable-constraint-005,constraint,0.998653500897666,0.8572798266908657,False,1,1,3.720357142857143,4.6778571428571425
core,Kaikaku/epicure-core,d31ebb5af8e92bbaf5cb67381d5006d4ea8368b7,panel_1,fb-executable-constraint-110,constraint,0.6728007181328545,0.9493549018941387,True,1,1,3.625892857142857,2.899107142857143
core,Kaikaku/epicure-core,d31ebb5af8e92bbaf5cb67381d5006d4ea8368b7,panel_1,fb-executable-constraint-069,constraint,0.6342010771992819,0.2940829962724602,False,1,1,4.100535714285715,3.6823214285714285
core,Kaikaku/epicure-core,d31ebb5af8e92bbaf5cb67381d5006d4ea8368b7,panel_1,fb-executable-constraint-075,constraint,0.6472172351885097,0.49820310377373167,False,1,1,3.645892857142857,3.3457142857142856
core,Kaikaku/epicure-core,d31ebb5af8e92bbaf5cb67381d5006d4ea8368b7,panel_1,fb-executable-constraint-121,constraint,0.6467684021543985,0.5434219792973654,False,1,1,3.1646428571428573,3.8435714285714284
core,Kaikaku/epicure-core,d31ebb5af8e92bbaf5cb67381d5006d4ea8368b7,panel_1,fb-executable-constraint-077,constraint,0.6467684021543985,0.5372623680058672,False,1,1,3.669642857142857,3.6430357142857144
core,Kaikaku/epicure-core,d31ebb5af8e92bbaf5cb67381d5006d4ea8368b7,panel_1,fb-executable-constraint-134,constraint,0.9999999999999999,0.9856514573672182,True,1,1,3.0603571428571428,2.6042857142857145
core,Kaikaku/epicure-core,d31ebb5af8e92bbaf5cb67381d5006d4ea8368b7,panel_1,fb-executable-constraint-039,constraint,0.6350987432675045,0.5028493035683378,False,1,1,4.6153571428571425,3.9935714285714283
core,Kaikaku/epicure-core,d31ebb5af8e92bbaf5cb67381d5006d4ea8368b7,panel_1,fb-executable-constraint-026,constraint,0.6350987432675045,0.5708012970819846,False,1,1,2.03375,3.8619642857142855
core,Kaikaku/epicure-core,d31ebb5af8e92bbaf5cb67381d5006d4ea8368b7,panel_1,fb-executable-constraint-031,constraint,0.998653500897666,0.8623272380068396,False,1,1,3.416071428571428,5.008035714285715
core,Kaikaku/epicure-core,d31ebb5af8e92bbaf5cb67381d5006d4ea8368b7,panel_1,fb-executable-constraint-153,constraint,0.6463195691202871,0.266711984848943,False,1,1,4.166964285714285,3.0458928571428574
core,Kaikaku/epicure-core,d31ebb5af8e92bbaf5cb67381d5006d4ea8368b7,panel_1,fb-executable-constraint-079,constraint,0.9995511669658885,0.2577336545849609,False,1,1,2.149285714285714,2.02
core,Kaikaku/epicure-core,d31ebb5af8e92bbaf5cb67381d5006d4ea8368b7,panel_1,fb-executable-constraint-032,constraint,0.6728007181328545,0.9179671820308111,True,1,1,2.419821428571429,3.439107142857143
core,Kaikaku/epicure-core,d31ebb5af8e92bbaf5cb67381d5006d4ea8368b7,panel_1,fb-executable-constraint-059,constraint,0.6602333931777377,0.7631746067235889,True,1,1,4.222678571428571,3.8783928571428574
core,Kaikaku/epicure-core,d31ebb5af8e92bbaf5cb67381d5006d4ea8368b7,panel_1,fb-executable-constraint-084,constraint,0.6350987432675045,0.41354570806405394,False,1,1,3.0919642857142855,3.472321428571428
core,Kaikaku/epicure-core,d31ebb5af8e92bbaf5cb67381d5006d4ea8368b7,panel_1,fb-executable-constraint-021,constraint,0.6728007181328545,0.9296188049628545,True,1,1,3.6369642857142854,2.4535714285714287
core,Kaikaku/epicure-core,d31ebb5af8e92bbaf5cb67381d5006d4ea8368b7,panel_1,fb-executable-constraint-089,constraint,0.9995511669658885,0.9944778680821347,True,1,1,4.135178571428572,4.2175
core,Kaikaku/epicure-core,d31ebb5af8e92bbaf5cb67381d5006d4ea8368b7,panel_1,fb-executable-constraint-040,constraint,0.6463195691202871,0.5827285066614409,False,1,1,3.8351785714285715,3.912857142857143
core,Kaikaku/epicure-core,d31ebb5af8e92bbaf5cb67381d5006d4ea8368b7,panel_1,fb-executable-constraint-054,constraint,0.6728007181328545,0.8283259310625477,True,1,1,3.2496428571428573,4.691607142857142
core,Kaikaku/epicure-core,d31ebb5af8e92bbaf5cb67381d5006d4ea8368b7,panel_1,fb-executable-constraint-060,constraint,0.9999999999999999,0.9826985413422736,True,1,1,2.9864285714285717,2.7148214285714283
core,Kaikaku/epicure-core,d31ebb5af8e92bbaf5cb67381d5006d4ea8368b7,panel_1,fb-executable-constraint-147,constraint,0.6602333931777377,0.8288161311154388,True,1,1,2.8105357142857144,2.927678571428572
core,Kaikaku/epicure-core,d31ebb5af8e92bbaf5cb67381d5006d4ea8368b7,panel_1,fb-executable-constraint-014,constraint,0.6728007181328545,0.9396317416991387,True,1,1,2.8910714285714283,2.3123214285714284
core,Kaikaku/epicure-core,d31ebb5af8e92bbaf5cb67381d5006d4ea8368b7,panel_1,fb-executable-constraint-109,constraint,0.6593357271095152,0.7368094933640044,False,1,1,2.9330357142857144,3.5864285714285717
core,Kaikaku/epicure-core,d31ebb5af8e92bbaf5cb67381d5006d4ea8368b7,panel_1,fb-executable-constraint-023,constraint,0.6723518850987432,0.8145408154248313,False,1,1,4.4025,2.73625
core,Kaikaku/epicure-core,d31ebb5af8e92bbaf5cb67381d5006d4ea8368b7,panel_1,fb-executable-constraint-008,constraint,0.9999999999999999,0.9957172557147577,True,1,1,1.9875,2.2126785714285715
core,Kaikaku/epicure-core,d31ebb5af8e92bbaf5cb67381d5006d4ea8368b7,panel_1,fb-executable-constraint-015,constraint,0.9995511669658885,0.9912107602153297,True,1,1,4.095,4.355178571428572
core,Kaikaku/epicure-core,d31ebb5af8e92bbaf5cb67381d5006d4ea8368b7,panel_1,fb-executable-constraint-033,constraint,0.9999999999999999,0.97331316558168,True,1,1,3.8066071428571426,4.328571428571428
core,Kaikaku/epicure-core,d31ebb5af8e92bbaf5cb67381d5006d4ea8368b7,panel_1,fb-executable-constraint-140,constraint,0.9995511669658885,0.917090236609219,True,1,1,3.782142857142857,3.918571428571428
core,Kaikaku/epicure-core,d31ebb5af8e92bbaf5cb67381d5006d4ea8368b7,panel_1,fb-executable-constraint-082,constraint,0.6602333931777377,0.8291235257144849,True,1,1,3.356607142857143,3.2280357142857143
core,Kaikaku/epicure-core,d31ebb5af8e92bbaf5cb67381d5006d4ea8368b7,panel_1,fb-executable-constraint-050,constraint,0.998653500897666,0.6739712588419988,False,1,1,3.064107142857143,3.415
core,Kaikaku/epicure-core,d31ebb5af8e92bbaf5cb67381d5006d4ea8368b7,panel_1,fb-executable-constraint-151,constraint,0.6593357271095152,0.6689789886874938,False,1,1,4.746607142857143,2.777678571428572
core,Kaikaku/epicure-core,d31ebb5af8e92bbaf5cb67381d5006d4ea8368b7,panel_1,fb-executable-constraint-138,constraint,0.6723518850987432,0.5634655405178715,False,1,1,3.287857142857143,2.211607142857143
core,Kaikaku/epicure-core,d31ebb5af8e92bbaf5cb67381d5006d4ea8368b7,panel_1,fb-executable-constraint-111,constraint,0.6602333931777377,0.9769181845721253,True,1,1,2.36875,2.3866071428571427
core,Kaikaku/epicure-core,d31ebb5af8e92bbaf5cb67381d5006d4ea8368b7,panel_1,fb-executable-constraint-117,constraint,0.9999999999999999,0.9728187801783938,True,1,1,3.237857142857143,2.538392857142857
core,Kaikaku/epicure-core,d31ebb5af8e92bbaf5cb67381d5006d4ea8368b7,panel_1,fb-executable-constraint-086,constraint,0.6723518850987432,0.83918128226166,False,1,1,3.4017857142857144,4.004107142857142
core,Kaikaku/epicure-core,d31ebb5af8e92bbaf5cb67381d5006d4ea8368b7,panel_1,fb-executable-constraint-085,constraint,0.998653500897666,0.7989808026786629,False,1,1,3.3619642857142855,3.7339285714285717
core,Kaikaku/epicure-core,d31ebb5af8e92bbaf5cb67381d5006d4ea8368b7,panel_1,fb-executable-constraint-142,constraint,0.6602333931777377,0.7496411260831737,True,1,1,4.307142857142857,2.66375
core,Kaikaku/epicure-core,d31ebb5af8e92bbaf5cb67381d5006d4ea8368b7,panel_1,fb-executable-constraint-049,constraint,0.6723518850987432,0.8448422879773906,False,1,1,3.2192857142857143,3.7932142857142854
core,Kaikaku/epicure-core,d31ebb5af8e92bbaf5cb67381d5006d4ea8368b7,panel_1,fb-executable-constraint-136,constraint,0.6467684021543985,0.7098810493238943,False,1,1,4.542321428571428,3.1273214285714284
core,Kaikaku/epicure-core,d31ebb5af8e92bbaf5cb67381d5006d4ea8368b7,panel_1,fb-executable-constraint-020,constraint,0.998653500897666,0.8337577161895832,False,1,1,3.9869642857142855,2.702857142857143
core,Kaikaku/epicure-core,d31ebb5af8e92bbaf5cb67381d5006d4ea8368b7,panel_1,fb-executable-constraint-107,constraint,0.998653500897666,0.6551929574413168,False,1,1,5.198392857142856,2.15875
core,Kaikaku/epicure-core,d31ebb5af8e92bbaf5cb67381d5006d4ea8368b7,panel_1,fb-executable-constraint-100,constraint,0.6728007181328545,0.9047488510053021,True,1,1,3.36625,2.4876785714285714
core,Kaikaku/epicure-core,d31ebb5af8e92bbaf5cb67381d5006d4ea8368b7,panel_1,fb-executable-constraint-072,constraint,0.6723518850987432,0.9193484961229544,False,1,1,3.4628571428571426,3.9094642857142854
core,Kaikaku/epicure-core,d31ebb5af8e92bbaf5cb67381d5006d4ea8368b7,panel_1,fb-executable-constraint-112,constraint,0.6728007181328545,0.8903613775637511,True,1,1,3.370892857142857,2.3753571428571427
core,Kaikaku/epicure-core,d31ebb5af8e92bbaf5cb67381d5006d4ea8368b7,panel_1,fb-executable-constraint-145,constraint,0.9999999999999999,0.9910043041783143,True,1,1,2.6476785714285715,2.3476785714285713
core,Kaikaku/epicure-core,d31ebb5af8e92bbaf5cb67381d5006d4ea8368b7,panel_1,fb-executable-constraint-108,constraint,0.6342010771992819,0.11781013471832483,False,1,1,3.168392857142857,2.3226785714285714
core,Kaikaku/epicure-core,d31ebb5af8e92bbaf5cb67381d5006d4ea8368b7,panel_1,fb-executable-constraint-115,constraint,0.6728007181328545,0.9411414751694513,True,1,1,3.775,2.777678571428572
core,Kaikaku/epicure-core,d31ebb5af8e92bbaf5cb67381d5006d4ea8368b7,panel_1,fb-executable-constraint-157,constraint,0.9999999999999999,0.9945524744808064,True,1,1,3.6455357142857143,3.30375
core,Kaikaku/epicure-core,d31ebb5af8e92bbaf5cb67381d5006d4ea8368b7,panel_1,fb-executable-constraint-152,constraint,0.9995511669658885,0.9496410062898138,True,1,1,3.90375,3.5080357142857146
core,Kaikaku/epicure-core,d31ebb5af8e92bbaf5cb67381d5006d4ea8368b7,panel_1,fb-executable-constraint-101,constraint,0.6463195691202871,0.4698562067466782,False,1,1,4.841607142857143,2.524464285714286
core,Kaikaku/epicure-core,d31ebb5af8e92bbaf5cb67381d5006d4ea8368b7,panel_2,fb-executable-rep2-substitution-051,substitution,0.8779220779220779,0.8814855078195144,False,1,1,38.09196428571428,44.276785714285715
core,Kaikaku/epicure-core,d31ebb5af8e92bbaf5cb67381d5006d4ea8368b7,panel_2,fb-executable-rep2-substitution-070,substitution,0.7813397129186602,0.8070458537967291,False,1,1,50.69553571428572,44.50142857142857
core,Kaikaku/epicure-core,d31ebb5af8e92bbaf5cb67381d5006d4ea8368b7,panel_2,fb-executable-rep2-substitution-057,substitution,0.6924128503075873,0.7507411622310085,False,1,1,49.40428571428571,36.4325
core,Kaikaku/epicure-core,d31ebb5af8e92bbaf5cb67381d5006d4ea8368b7,panel_2,fb-executable-rep2-substitution-009,substitution,0.16346827528489397,0.2188991795103084,False,1,1,54.60035714285715,36.407678571428576
core,Kaikaku/epicure-core,d31ebb5af8e92bbaf5cb67381d5006d4ea8368b7,panel_2,fb-executable-rep2-substitution-116,substitution,0.8836637047163363,0.8895756124545705,False,1,1,42.67053571428571,47.79357142857143
core,Kaikaku/epicure-core,d31ebb5af8e92bbaf5cb67381d5006d4ea8368b7,panel_2,fb-executable-rep2-substitution-084,substitution,0.5665948938788063,0.6184100069009003,True,1,1,36.45178571428571,46.42821428571428
core,Kaikaku/epicure-core,d31ebb5af8e92bbaf5cb67381d5006d4ea8368b7,panel_2,fb-executable-rep2-substitution-031,substitution,-0.056459330143540674,-0.09201602080840882,False,1,1,50.14946428571429,43.83642857142857
core,Kaikaku/epicure-core,d31ebb5af8e92bbaf5cb67381d5006d4ea8368b7,panel_2,fb-executable-rep2-substitution-005,substitution,0.4218728639781272,0.4004436389532592,False,1,1,46.277857142857144,48.80714285714285
core,Kaikaku/epicure-core,d31ebb5af8e92bbaf5cb67381d5006d4ea8368b7,panel_2,fb-executable-rep2-substitution-123,substitution,0.8011619958988381,0.8270428859485597,False,1,1,46.208214285714284,46.15232142857143
core,Kaikaku/epicure-core,d31ebb5af8e92bbaf5cb67381d5006d4ea8368b7,panel_2,fb-executable-rep2-substitution-035,substitution,0.829665071770335,0.8596619222850153,True,1,1,48.99160714285715,49.93732142857143
core,Kaikaku/epicure-core,d31ebb5af8e92bbaf5cb67381d5006d4ea8368b7,panel_2,fb-executable-rep2-substitution-050,substitution,-0.0444976076555024,-0.03580481210650861,False,1,1,46.801785714285714,43.15232142857143
core,Kaikaku/epicure-core,d31ebb5af8e92bbaf5cb67381d5006d4ea8368b7,panel_2,fb-executable-rep2-substitution-091,substitution,0.7531784005468217,0.732758393596123,False,1,1,41.081964285714285,48.34410714285715
core,Kaikaku/epicure-core,d31ebb5af8e92bbaf5cb67381d5006d4ea8368b7,panel_2,fb-executable-rep2-substitution-068,substitution,-0.10642697245184192,-0.11155022287826705,False,1,1,45.019464285714285,46.06410714285715
core,Kaikaku/epicure-core,d31ebb5af8e92bbaf5cb67381d5006d4ea8368b7,panel_2,fb-executable-rep2-substitution-151,substitution,0.8269309637730691,0.8294525661904848,False,1,1,46.60875,47.83410714285715
core,Kaikaku/epicure-core,d31ebb5af8e92bbaf5cb67381d5006d4ea8368b7,panel_2,fb-executable-rep2-substitution-080,substitution,0.5187286397812714,0.5401204407689071,True,1,1,40.614285714285714,45.6075
core,Kaikaku/epicure-core,d31ebb5af8e92bbaf5cb67381d5006d4ea8368b7,panel_2,fb-executable-rep2-substitution-089,substitution,0.8248803827751197,0.8645428763985846,False,1,1,38.80267857142857,46.43
core,Kaikaku/epicure-core,d31ebb5af8e92bbaf5cb67381d5006d4ea8368b7,panel_2,fb-executable-rep2-substitution-072,substitution,0.4938482570061517,0.5244099208536698,False,1,1,47.981964285714284,56.74732142857143
core,Kaikaku/epicure-core,d31ebb5af8e92bbaf5cb67381d5006d4ea8368b7,panel_2,fb-executable-rep2-substitution-122,substitution,0.5768284347231717,0.6243988967992922,False,1,1,40.839464285714286,42.67464285714286
core,Kaikaku/epicure-core,d31ebb5af8e92bbaf5cb67381d5006d4ea8368b7,panel_2,fb-executable-rep2-substitution-125,substitution,0.6768284347231716,0.6972453647013619,False,1,1,46.263214285714284,45.85035714285715
core,Kaikaku/epicure-core,d31ebb5af8e92bbaf5cb67381d5006d4ea8368b7,panel_2,fb-executable-rep2-substitution-023,substitution,0.41812061046108995,0.4534809840018746,False,1,1,42.7925,45.99875
core,Kaikaku/epicure-core,d31ebb5af8e92bbaf5cb67381d5006d4ea8368b7,panel_2,fb-executable-rep2-substitution-111,substitution,-0.3183185235816815,-0.3176412291888184,False,1,1,41.426964285714284,37.5025
core,Kaikaku/epicure-core,d31ebb5af8e92bbaf5cb67381d5006d4ea8368b7,panel_2,fb-executable-rep2-substitution-102,substitution,0.7917222051334631,0.8285354859190905,False,1,1,50.59982142857143,55.848035714285714
core,Kaikaku/epicure-core,d31ebb5af8e92bbaf5cb67381d5006d4ea8368b7,panel_2,fb-executable-rep2-substitution-007,substitution,0.4278879015721121,0.3921045794875033,False,1,1,55.50142857142857,48.349464285714284
core,Kaikaku/epicure-core,d31ebb5af8e92bbaf5cb67381d5006d4ea8368b7,panel_2,fb-executable-rep2-substitution-014,substitution,0.5680109364319891,0.6007140423722814,False,1,1,49.965714285714284,47.63642857142857
core,Kaikaku/epicure-core,d31ebb5af8e92bbaf5cb67381d5006d4ea8368b7,panel_2,fb-executable-rep2-substitution-004,substitution,0.2714969241285031,0.31201341734338034,False,1,1,52.130892857142854,41.45035714285714
core,Kaikaku/epicure-core,d31ebb5af8e92bbaf5cb67381d5006d4ea8368b7,panel_2,fb-executable-rep2-substitution-137,substitution,0.9751196172248804,0.9809687048797489,True,1,1,42.83232142857143,44.28321428571429
core,Kaikaku/epicure-core,d31ebb5af8e92bbaf5cb67381d5006d4ea8368b7,panel_2,fb-executable-rep2-substitution-138,substitution,0.6835953520164046,0.6862965894512707,False,1,1,39.472678571428574,46.17892857142857
core,Kaikaku/epicure-core,d31ebb5af8e92bbaf5cb67381d5006d4ea8368b7,panel_2,fb-executable-rep2-substitution-033,substitution,-0.42734107997265897,-0.3950929942904634,False,1,1,51.31464285714285,40.528392857142855
core,Kaikaku/epicure-core,d31ebb5af8e92bbaf5cb67381d5006d4ea8368b7,panel_2,fb-executable-rep2-substitution-148,substitution,0.7966301544251712,0.8147878380840045,True,1,1,49.69517857142857,52.40142857142857
core,Kaikaku/epicure-core,d31ebb5af8e92bbaf5cb67381d5006d4ea8368b7,panel_2,fb-executable-rep2-substitution-139,substitution,0.8513328776486672,0.862651486030664,False,1,1,43.56303571428572,43.294464285714284
core,Kaikaku/epicure-core,d31ebb5af8e92bbaf5cb67381d5006d4ea8368b7,panel_2,fb-executable-rep2-substitution-130,substitution,0.6808612440191387,0.7163395375674643,False,1,1,51.79410714285714,50.5925
core,Kaikaku/epicure-core,d31ebb5af8e92bbaf5cb67381d5006d4ea8368b7,panel_2,fb-executable-rep2-substitution-126,substitution,0.1773069036226931,0.22707649742393446,True,1,1,46.55357142857143,48.18785714285715
core,Kaikaku/epicure-core,d31ebb5af8e92bbaf5cb67381d5006d4ea8368b7,panel_2,fb-executable-rep2-substitution-017,substitution,0.5961482596266791,0.6157954290796038,True,1,1,43.745892857142856,47.658571428571435
core,Kaikaku/epicure-core,d31ebb5af8e92bbaf5cb67381d5006d4ea8368b7,panel_2,fb-executable-rep2-substitution-006,substitution,0.7800201645049416,0.7923678820317334,False,1,1,49.37660714285715,41.16589285714285
core,Kaikaku/epicure-core,d31ebb5af8e92bbaf5cb67381d5006d4ea8368b7,panel_2,fb-executable-rep2-substitution-063,substitution,0.25243083446670017,0.2605955778493943,False,1,1,39.72714285714286,46.568214285714284
core,Kaikaku/epicure-core,d31ebb5af8e92bbaf5cb67381d5006d4ea8368b7,panel_2,fb-executable-rep2-substitution-147,substitution,0.872112098427888,0.876788080226977,False,1,1,47.24910714285715,51.73232142857143
core,Kaikaku/epicure-core,d31ebb5af8e92bbaf5cb67381d5006d4ea8368b7,panel_2,fb-executable-rep2-substitution-081,substitution,0.8343814080656186,0.8455916311785424,False,1,1,46.91178571428571,49.29875
core,Kaikaku/epicure-core,d31ebb5af8e92bbaf5cb67381d5006d4ea8368b7,panel_2,fb-executable-rep2-substitution-078,substitution,0.832174165777103,0.8494623529818401,True,1,1,48.03125,42.12589285714285
core,Kaikaku/epicure-core,d31ebb5af8e92bbaf5cb67381d5006d4ea8368b7,panel_2,fb-executable-rep2-substitution-041,substitution,0.5820232399179769,0.6284476138004813,False,1,1,42.72821428571429,49.16321428571428
core,Kaikaku/epicure-core,d31ebb5af8e92bbaf5cb67381d5006d4ea8368b7,panel_2,fb-executable-rep2-substitution-131,substitution,0.5726589200273411,0.5735649880145492,False,1,1,47.96696428571428,46.681607142857146
core,Kaikaku/epicure-core,d31ebb5af8e92bbaf5cb67381d5006d4ea8368b7,panel_2,fb-executable-rep2-substitution-144,substitution,0.9201613178850951,0.9285406800291542,False,1,1,48.760357142857146,49.075
core,Kaikaku/epicure-core,d31ebb5af8e92bbaf5cb67381d5006d4ea8368b7,panel_2,fb-executable-rep2-substitution-040,substitution,0.6905673274094327,0.72115236487452,True,1,1,43.57089285714285,47.93107142857143
core,Kaikaku/epicure-core,d31ebb5af8e92bbaf5cb67381d5006d4ea8368b7,panel_2,fb-executable-rep2-substitution-083,substitution,0.8763499658236501,0.895444574906291,False,1,1,43.699107142857144,47.950714285714284
core,Kaikaku/epicure-core,d31ebb5af8e92bbaf5cb67381d5006d4ea8368b7,panel_2,fb-executable-rep2-substitution-027,substitution,0.6922077922077923,0.7196534485203314,False,1,1,43.028035714285714,48.14696428571428
core,Kaikaku/epicure-core,d31ebb5af8e92bbaf5cb67381d5006d4ea8368b7,panel_2,fb-executable-rep2-substitution-074,substitution,0.6499769306644603,0.6664596792230492,False,1,1,45.22053571428572,46.138035714285714
core,Kaikaku/epicure-core,d31ebb5af8e92bbaf5cb67381d5006d4ea8368b7,panel_2,fb-executable-rep2-substitution-056,substitution,0.8291182501708817,0.8349234077279559,False,1,1,52.40071428571429,58.11839285714285
core,Kaikaku/epicure-core,d31ebb5af8e92bbaf5cb67381d5006d4ea8368b7,panel_2,fb-executable-rep2-substitution-025,substitution,0.44149008885850993,0.4895803826828477,False,1,1,46.21946428571428,47.169285714285714
core,Kaikaku/epicure-core,d31ebb5af8e92bbaf5cb67381d5006d4ea8368b7,panel_2,fb-executable-rep2-substitution-159,substitution,0.7743467934622295,0.7841978390190917,False,1,1,40.191428571428574,47.80625
core,Kaikaku/epicure-core,d31ebb5af8e92bbaf5cb67381d5006d4ea8368b7,panel_2,fb-executable-rep2-substitution-016,substitution,0.682502521531947,0.7274873366142801,True,1,1,42.34410714285715,45.50053571428572
core,Kaikaku/epicure-core,d31ebb5af8e92bbaf5cb67381d5006d4ea8368b7,panel_2,fb-executable-rep2-substitution-067,substitution,0.5500777526051367,0.5703887801721277,False,1,1,47.37571428571428,51.24517857142857
core,Kaikaku/epicure-core,d31ebb5af8e92bbaf5cb67381d5006d4ea8368b7,panel_2,fb-executable-rep2-substitution-143,substitution,0.844771018455229,0.8414597609792791,True,1,1,45.723392857142855,51.63857142857143
core,Kaikaku/epicure-core,d31ebb5af8e92bbaf5cb67381d5006d4ea8368b7,panel_2,fb-executable-rep2-substitution-028,substitution,0.4762816131237184,0.4838554937779756,False,1,1,53.03303571428572,44.65
core,Kaikaku/epicure-core,d31ebb5af8e92bbaf5cb67381d5006d4ea8368b7,panel_2,fb-executable-rep2-substitution-129,substitution,0.9183868762816132,0.9304460768568603,False,1,1,46.082142857142856,44.57732142857143
core,Kaikaku/epicure-core,d31ebb5af8e92bbaf5cb67381d5006d4ea8368b7,panel_2,fb-executable-rep2-substitution-127,substitution,0.7676691729323308,0.7751681119943988,True,1,1,42.82,45.41982142857143
core,Kaikaku/epicure-core,d31ebb5af8e92bbaf5cb67381d5006d4ea8368b7,panel_2,fb-executable-rep2-substitution-061,substitution,0.1859876965140123,0.21302594246775866,False,1,1,44.16571428571429,48.27339285714285
core,Kaikaku/epicure-core,d31ebb5af8e92bbaf5cb67381d5006d4ea8368b7,panel_2,fb-executable-rep2-substitution-118,substitution,0.6921630955202914,0.7150658572109734,False,1,1,42.72035714285715,43.81910714285715
core,Kaikaku/epicure-core,d31ebb5af8e92bbaf5cb67381d5006d4ea8368b7,panel_2,fb-executable-rep2-substitution-030,substitution,0.42296650717703355,0.4378580343790167,False,1,1,48.19571428571428,45.216428571428565
core,Kaikaku/epicure-core,d31ebb5af8e92bbaf5cb67381d5006d4ea8368b7,panel_2,fb-executable-rep2-substitution-013,substitution,0.4129186602870814,0.4307263117105773,False,1,1,48.23285714285715,49.01660714285715
core,Kaikaku/epicure-core,d31ebb5af8e92bbaf5cb67381d5006d4ea8368b7,panel_2,fb-executable-rep2-substitution-100,substitution,0.6019138755980862,0.610808164629624,False,1,1,47.12482142857143,49.48767857142857
core,Kaikaku/epicure-core,d31ebb5af8e92bbaf5cb67381d5006d4ea8368b7,panel_2,fb-executable-rep2-substitution-052,substitution,0.7104017499627444,0.692794782080092,False,1,1,47.76428571428571,48.355714285714285
core,Kaikaku/epicure-core,d31ebb5af8e92bbaf5cb67381d5006d4ea8368b7,panel_2,fb-executable-rep2-substitution-047,substitution,0.12508544087491455,0.1955630851242486,False,1,1,41.95035714285714,43.89607142857143
core,Kaikaku/epicure-core,d31ebb5af8e92bbaf5cb67381d5006d4ea8368b7,panel_2,fb-executable-rep2-substitution-073,substitution,0.3528366370471634,0.3737410133928256,False,1,1,38.57107142857143,49.93535714285715
core,Kaikaku/epicure-core,d31ebb5af8e92bbaf5cb67381d5006d4ea8368b7,panel_2,fb-executable-rep2-substitution-048,substitution,0.5954203691045797,0.5710185692799362,False,1,1,46.91517857142857,50.12357142857143
core,Kaikaku/epicure-core,d31ebb5af8e92bbaf5cb67381d5006d4ea8368b7,panel_2,fb-executable-rep2-substitution-110,substitution,0.5820915926179083,0.6641318929939419,False,1,1,41.60660714285714,41.86071428571429
core,Kaikaku/epicure-core,d31ebb5af8e92bbaf5cb67381d5006d4ea8368b7,panel_2,fb-executable-rep2-substitution-024,substitution,0.7125085440874915,0.7071107254437207,False,1,1,47.651964285714286,47.481964285714284
core,Kaikaku/epicure-core,d31ebb5af8e92bbaf5cb67381d5006d4ea8368b7,panel_2,fb-executable-rep2-substitution-003,substitution,0.6622122730336829,0.7143642208931454,True,1,1,31.33535714285714,44.71732142857143
core,Kaikaku/epicure-core,d31ebb5af8e92bbaf5cb67381d5006d4ea8368b7,panel_2,fb-executable-rep2-substitution-046,substitution,-0.14388243335611758,-0.14186430311655562,False,1,1,46.15375,41.475
core,Kaikaku/epicure-core,d31ebb5af8e92bbaf5cb67381d5006d4ea8368b7,panel_2,fb-executable-rep2-substitution-094,substitution,0.745933014354067,0.7508324684249341,False,1,1,44.93017857142857,47.61767857142857
core,Kaikaku/epicure-core,d31ebb5af8e92bbaf5cb67381d5006d4ea8368b7,panel_2,fb-executable-rep2-substitution-060,substitution,0.24545454545454543,0.2655374703120165,False,1,1,49.958214285714284,49.665
core,Kaikaku/epicure-core,d31ebb5af8e92bbaf5cb67381d5006d4ea8368b7,panel_2,fb-executable-rep2-substitution-128,substitution,0.628092959671907,0.6337970553615375,False,1,1,43.24339285714285,45.20910714285715
core,Kaikaku/epicure-core,d31ebb5af8e92bbaf5cb67381d5006d4ea8368b7,panel_2,fb-executable-rep2-substitution-108,substitution,0.9722654182113034,0.9700619254300104,True,1,1,43.41767857142857,44.36767857142857
core,Kaikaku/epicure-core,d31ebb5af8e92bbaf5cb67381d5006d4ea8368b7,panel_2,fb-executable-rep2-substitution-141,substitution,0.9252904989747096,0.9375273864669246,True,1,1,41.80482142857143,45.041785714285716
core,Kaikaku/epicure-core,d31ebb5af8e92bbaf5cb67381d5006d4ea8368b7,panel_2,fb-executable-rep2-substitution-087,substitution,0.9120984278879016,0.9369018729930301,True,1,1,49.87410714285715,42.08767857142857
core,Kaikaku/epicure-core,d31ebb5af8e92bbaf5cb67381d5006d4ea8368b7,panel_2,fb-executable-rep2-substitution-012,substitution,-0.30888585099111415,-0.34892173801447723,False,1,1,44.03660714285715,48.59339285714285
core,Kaikaku/epicure-core,d31ebb5af8e92bbaf5cb67381d5006d4ea8368b7,panel_2,fb-executable-rep2-substitution-085,substitution,0.6172932330827068,0.6824820626254445,False,1,1,38.09267857142857,39.19428571428571
core,Kaikaku/epicure-core,d31ebb5af8e92bbaf5cb67381d5006d4ea8368b7,panel_2,fb-executable-rep2-substitution-112,substitution,0.8379842445557841,0.8527779594238203,True,1,1,39.52017857142857,45.16446428571428
core,Kaikaku/epicure-core,d31ebb5af8e92bbaf5cb67381d5006d4ea8368b7,panel_2,fb-executable-rep2-substitution-115,substitution,0.879611750158335,0.8862058742151937,False,1,1,38.276785714285715,42.362321428571434
core,Kaikaku/epicure-core,d31ebb5af8e92bbaf5cb67381d5006d4ea8368b7,panel_2,fb-executable-rep2-substitution-026,substitution,0.6160628844839372,0.5740989403462095,False,1,1,52.50660714285715,43.565714285714286
core,Kaikaku/epicure-core,d31ebb5af8e92bbaf5cb67381d5006d4ea8368b7,panel_2,fb-executable-rep2-substitution-145,substitution,0.6650147816210469,0.7435958012851769,True,1,1,43.11214285714286,34.910178571428574
core,Kaikaku/epicure-core,d31ebb5af8e92bbaf5cb67381d5006d4ea8368b7,panel_2,fb-executable-rep2-substitution-136,substitution,0.8604237867395763,0.8982429464118068,False,1,1,47.17142857142857,47.956964285714285
core,Kaikaku/epicure-core,d31ebb5af8e92bbaf5cb67381d5006d4ea8368b7,panel_2,fb-executable-rep2-substitution-114,substitution,0.7008885850991114,0.7270115194680641,False,1,1,45.130178571428566,44.95625
core,Kaikaku/epicure-core,d31ebb5af8e92bbaf5cb67381d5006d4ea8368b7,panel_2,fb-executable-rep2-substitution-107,substitution,0.7863294600136705,0.8011881224280912,True,1,1,36.98553571428572,47.729285714285716
core,Kaikaku/epicure-core,d31ebb5af8e92bbaf5cb67381d5006d4ea8368b7,panel_2,fb-executable-rep2-substitution-032,substitution,0.13212802681400795,0.15067223612662903,False,1,1,51.363928571428566,49.20232142857143
core,Kaikaku/epicure-core,d31ebb5af8e92bbaf5cb67381d5006d4ea8368b7,panel_2,fb-executable-rep2-substitution-157,substitution,0.5752563226247437,0.5807493456336712,False,1,1,51.56089285714285,40.15089285714286
core,Kaikaku/epicure-core,d31ebb5af8e92bbaf5cb67381d5006d4ea8368b7,panel_2,fb-executable-rep2-substitution-090,substitution,0.5429689503347502,0.570462420893335,False,1,1,47.28,52.604107142857146
core,Kaikaku/epicure-core,d31ebb5af8e92bbaf5cb67381d5006d4ea8368b7,panel_2,fb-executable-rep2-substitution-098,substitution,0.28352699931647307,0.35413392629681345,False,1,1,49.64839285714285,40.456428571428575
core,Kaikaku/epicure-core,d31ebb5af8e92bbaf5cb67381d5006d4ea8368b7,panel_2,fb-executable-rep2-substitution-158,substitution,0.7139439507860561,0.7499273981955472,True,1,1,43.51660714285715,40.090357142857144
core,Kaikaku/epicure-core,d31ebb5af8e92bbaf5cb67381d5006d4ea8368b7,panel_2,fb-executable-rep2-substitution-097,substitution,0.8632262474367738,0.9265845341703041,True,1,1,40.96625,43.08607142857143
core,Kaikaku/epicure-core,d31ebb5af8e92bbaf5cb67381d5006d4ea8368b7,panel_2,fb-executable-rep2-substitution-053,substitution,0.48065618591934384,0.4878820377207153,False,1,1,45.339464285714286,48.41232142857143
core,Kaikaku/epicure-core,d31ebb5af8e92bbaf5cb67381d5006d4ea8368b7,panel_2,fb-executable-rep2-pairing-109,pairing,0.728503075871497,0.8128528382537276,False,1,1,51.68553571428571,52.13357142857143
core,Kaikaku/epicure-core,d31ebb5af8e92bbaf5cb67381d5006d4ea8368b7,panel_2,fb-executable-rep2-pairing-066,pairing,0.7289039269968214,0.7446785542194043,False,1,1,50.91982142857143,55.38107142857143
core,Kaikaku/epicure-core,d31ebb5af8e92bbaf5cb67381d5006d4ea8368b7,panel_2,fb-executable-rep2-pairing-015,pairing,0.7777853725222147,0.7790042216434248,False,1,1,44.82892857142857,42.705535714285716
core,Kaikaku/epicure-core,d31ebb5af8e92bbaf5cb67381d5006d4ea8368b7,panel_2,fb-executable-rep2-pairing-121,pairing,0.8841421736158579,0.8846308822734217,True,1,1,41.17732142857143,50.58714285714285
core,Kaikaku/epicure-core,d31ebb5af8e92bbaf5cb67381d5006d4ea8368b7,panel_2,fb-executable-rep2-pairing-147,pairing,0.6781271360218729,0.6929762403297391,False,1,1,40.44303571428571,50.18482142857143
core,Kaikaku/epicure-core,d31ebb5af8e92bbaf5cb67381d5006d4ea8368b7,panel_2,fb-executable-rep2-pairing-080,pairing,0.8894053315105948,0.8976660048060856,True,1,1,42.55642857142857,46.1875
core,Kaikaku/epicure-core,d31ebb5af8e92bbaf5cb67381d5006d4ea8368b7,panel_2,fb-executable-rep2-pairing-140,pairing,0.7320015722458414,0.7349054283791052,False,1,1,43.96142857142857,50.455
core,Kaikaku/epicure-core,d31ebb5af8e92bbaf5cb67381d5006d4ea8368b7,panel_2,fb-executable-rep2-pairing-102,pairing,0.5314171466453724,0.5648399407914759,False,1,1,44.34410714285715,43.111607142857146
core,Kaikaku/epicure-core,d31ebb5af8e92bbaf5cb67381d5006d4ea8368b7,panel_2,fb-executable-rep2-pairing-157,pairing,0.8705399863294602,0.8925379495760146,False,1,1,47.17339285714285,44.838035714285716
core,Kaikaku/epicure-core,d31ebb5af8e92bbaf5cb67381d5006d4ea8368b7,panel_2,fb-executable-rep2-pairing-047,pairing,0.5896204652341608,0.6056966487852046,False,1,1,53.24071428571428,54.50625
core,Kaikaku/epicure-core,d31ebb5af8e92bbaf5cb67381d5006d4ea8368b7,panel_2,fb-executable-rep2-pairing-106,pairing,0.8750512645249489,0.8742747545335229,True,1,1,50.629285714285714,39.97821428571429
core,Kaikaku/epicure-core,d31ebb5af8e92bbaf5cb67381d5006d4ea8368b7,panel_2,fb-executable-rep2-pairing-101,pairing,0.8231032125768969,0.8451782350009062,True,1,1,39.59375,44.55571428571429
core,Kaikaku/epicure-core,d31ebb5af8e92bbaf5cb67381d5006d4ea8368b7,panel_2,fb-executable-rep2-pairing-032,pairing,0.8207590698236942,0.8448474561517847,False,1,1,51.434642857142855,51.26678571428572
core,Kaikaku/epicure-core,d31ebb5af8e92bbaf5cb67381d5006d4ea8368b7,panel_2,fb-executable-rep2-pairing-146,pairing,0.8006151742993848,0.8409618317165424,False,1,1,49.35160714285715,35.769821428571426
core,Kaikaku/epicure-core,d31ebb5af8e92bbaf5cb67381d5006d4ea8368b7,panel_2,fb-executable-rep2-pairing-023,pairing,0.7655502392344499,0.7891709262697547,True,1,1,47.02446428571429,41.0975
core,Kaikaku/epicure-core,d31ebb5af8e92bbaf5cb67381d5006d4ea8368b7,panel_2,fb-executable-rep2-pairing-154,pairing,0.7149008885850993,0.7241807769491491,False,1,1,45.73,40.75964285714286
core,Kaikaku/epicure-core,d31ebb5af8e92bbaf5cb67381d5006d4ea8368b7,panel_2,fb-executable-rep2-pairing-105,pairing,0.7226930963773069,0.7232522021386526,False,1,1,48.53767857142857,48.78125
core,Kaikaku/epicure-core,d31ebb5af8e92bbaf5cb67381d5006d4ea8368b7,panel_2,fb-executable-rep2-pairing-133,pairing,0.8691194314227167,0.8811409796576601,False,1,1,46.81446428571429,48.020178571428566
core,Kaikaku/epicure-core,d31ebb5af8e92bbaf5cb67381d5006d4ea8368b7,panel_2,fb-executable-rep2-pairing-115,pairing,0.8071086807928913,0.8240650388358534,False,1,1,50.88267857142857,49.58357142857143
core,Kaikaku/epicure-core,d31ebb5af8e92bbaf5cb67381d5006d4ea8368b7,panel_2,fb-executable-rep2-pairing-017,pairing,0.7434039644565962,0.7386280067398515,False,1,1,40.911964285714284,39.77428571428572
core,Kaikaku/epicure-core,d31ebb5af8e92bbaf5cb67381d5006d4ea8368b7,panel_2,fb-executable-rep2-pairing-144,pairing,0.5899521531100478,0.5534943438731526,False,1,1,46.613035714285715,50.799285714285716
core,Kaikaku/epicure-core,d31ebb5af8e92bbaf5cb67381d5006d4ea8368b7,panel_2,fb-executable-rep2-pairing-108,pairing,0.6483022608988405,0.6511554782087428,False,1,1,39.74839285714286,39.166964285714286
core,Kaikaku/epicure-core,d31ebb5af8e92bbaf5cb67381d5006d4ea8368b7,panel_2,fb-executable-rep2-pairing-052,pairing,0.12057416267942585,0.06921108104309721,False,1,1,51.00821428571428,56.53089285714285
core,Kaikaku/epicure-core,d31ebb5af8e92bbaf5cb67381d5006d4ea8368b7,panel_2,fb-executable-rep2-pairing-024,pairing,0.33520164046479833,0.3636332872916741,False,1,1,51.04535714285715,44.52339285714285
core,Kaikaku/epicure-core,d31ebb5af8e92bbaf5cb67381d5006d4ea8368b7,panel_2,fb-executable-rep2-pairing-137,pairing,0.5042123071875478,0.5051990080621603,False,1,1,45.28821428571428,51.29714285714285
core,Kaikaku/epicure-core,d31ebb5af8e92bbaf5cb67381d5006d4ea8368b7,panel_2,fb-executable-rep2-pairing-151,pairing,0.7924128503075872,0.795343382901551,False,1,1,43.567142857142855,52.51892857142857
core,Kaikaku/epicure-core,d31ebb5af8e92bbaf5cb67381d5006d4ea8368b7,panel_2,fb-executable-rep2-pairing-020,pairing,0.368215994531784,0.40703077923039394,False,1,1,53.01589285714285,52.84928571428571
core,Kaikaku/epicure-core,d31ebb5af8e92bbaf5cb67381d5006d4ea8368b7,panel_2,fb-executable-rep2-pairing-094,pairing,0.7162679425837322,0.7049698005068223,False,1,1,41.80535714285715,45.324107142857144
core,Kaikaku/epicure-core,d31ebb5af8e92bbaf5cb67381d5006d4ea8368b7,panel_2,fb-executable-rep2-pairing-118,pairing,0.8313738892686261,0.84454297687262,True,1,1,53.60946428571428,49.27428571428572
core,Kaikaku/epicure-core,d31ebb5af8e92bbaf5cb67381d5006d4ea8368b7,panel_2,fb-executable-rep2-pairing-048,pairing,0.35010252904989747,0.3742615706404941,False,1,1,52.372678571428565,43.412142857142854
core,Kaikaku/epicure-core,d31ebb5af8e92bbaf5cb67381d5006d4ea8368b7,panel_2,fb-executable-rep2-pairing-018,pairing,-0.11961926897284736,-0.041081410529149924,True,1,1,44.94303571428571,41.386607142857144
core,Kaikaku/epicure-core,d31ebb5af8e92bbaf5cb67381d5006d4ea8368b7,panel_2,fb-executable-rep2-pairing-044,pairing,0.19138755980861247,0.25511530746842415,False,1,1,49.393035714285716,57.35303571428572
core,Kaikaku/epicure-core,d31ebb5af8e92bbaf5cb67381d5006d4ea8368b7,panel_2,fb-executable-rep2-pairing-095,pairing,0.6681476418318524,0.7117193553423807,False,1,1,56.769285714285715,53.371785714285714
core,Kaikaku/epicure-core,d31ebb5af8e92bbaf5cb67381d5006d4ea8368b7,panel_2,fb-executable-rep2-pairing-071,pairing,0.39835953520164047,0.42377550174366935,False,1,1,37.82642857142857,51.94607142857143
core,Kaikaku/epicure-core,d31ebb5af8e92bbaf5cb67381d5006d4ea8368b7,panel_2,fb-executable-rep2-pairing-030,pairing,0.1700615174299385,0.18550353749723045,False,1,1,44.53892857142857,41.99892857142857
core,Kaikaku/epicure-core,d31ebb5af8e92bbaf5cb67381d5006d4ea8368b7,panel_2,fb-executable-rep2-pairing-114,pairing,0.46691729323308273,0.5123010534757637,False,1,1,47.47857142857143,47.80410714285715
core,Kaikaku/epicure-core,d31ebb5af8e92bbaf5cb67381d5006d4ea8368b7,panel_2,fb-executable-rep2-pairing-004,pairing,0.8606971975393028,0.8640324286622042,False,1,1,49.68089285714285,45.18625
core,Kaikaku/epicure-core,d31ebb5af8e92bbaf5cb67381d5006d4ea8368b7,panel_2,fb-executable-rep2-pairing-002,pairing,0.41346548188653454,0.5065422028408637,True,1,1,24.649107142857144,37.848214285714285
core,Kaikaku/epicure-core,d31ebb5af8e92bbaf5cb67381d5006d4ea8368b7,panel_2,fb-executable-rep2-pairing-045,pairing,0.3432672590567327,0.39739760905401184,False,1,1,37.75553571428571,47.01714285714285
core,Kaikaku/epicure-core,d31ebb5af8e92bbaf5cb67381d5006d4ea8368b7,panel_2,fb-executable-rep2-pairing-043,pairing,0.6496240601503759,0.6683392413191597,False,1,1,44.00196428571429,39.393928571428575
core,Kaikaku/epicure-core,d31ebb5af8e92bbaf5cb67381d5006d4ea8368b7,panel_2,fb-executable-rep2-pairing-149,pairing,0.6395078605604921,0.7097477520421905,True,1,1,40.356964285714284,37.1425
core,Kaikaku/epicure-core,d31ebb5af8e92bbaf5cb67381d5006d4ea8368b7,panel_2,fb-executable-rep2-pairing-113,pairing,0.3653451811346548,0.3779292428160453,False,1,1,54.89767857142857,40.27303571428572
core,Kaikaku/epicure-core,d31ebb5af8e92bbaf5cb67381d5006d4ea8368b7,panel_2,fb-executable-rep2-pairing-159,pairing,0.3717703349282297,0.3840064158691994,False,1,1,37.75125,54.98125
core,Kaikaku/epicure-core,d31ebb5af8e92bbaf5cb67381d5006d4ea8368b7,panel_2,fb-executable-rep2-pairing-129,pairing,0.8410116199589884,0.8452007214855114,True,1,1,51.939821428571435,51.22857142857143
core,Kaikaku/epicure-core,d31ebb5af8e92bbaf5cb67381d5006d4ea8368b7,panel_2,fb-executable-rep2-pairing-079,pairing,0.6290372193171332,0.6486524377257723,False,1,1,52.44714285714285,48.64714285714285
core,Kaikaku/epicure-core,d31ebb5af8e92bbaf5cb67381d5006d4ea8368b7,panel_2,fb-executable-rep2-pairing-091,pairing,0.6527794392518241,0.6596259934600506,True,1,1,45.73392857142857,46.0525
core,Kaikaku/epicure-core,d31ebb5af8e92bbaf5cb67381d5006d4ea8368b7,panel_2,fb-executable-rep2-pairing-103,pairing,0.7939849624060151,0.8333857914654511,False,1,1,35.732321428571424,45.99321428571429
core,Kaikaku/epicure-core,d31ebb5af8e92bbaf5cb67381d5006d4ea8368b7,panel_2,fb-executable-rep2-pairing-148,pairing,0.8161312371838689,0.9258053998755784,False,1,1,45.323392857142856,43.70982142857143
core,Kaikaku/epicure-core,d31ebb5af8e92bbaf5cb67381d5006d4ea8368b7,panel_2,fb-executable-rep2-pairing-061,pairing,0.4457963089542037,0.40862782494711963,False,1,1,42.53178571428572,41.85107142857143
core,Kaikaku/epicure-core,d31ebb5af8e92bbaf5cb67381d5006d4ea8368b7,panel_2,fb-executable-rep2-pairing-036,pairing,0.12180659274835086,0.11419276240409854,False,1,1,49.25660714285715,51.66910714285714
core,Kaikaku/epicure-core,d31ebb5af8e92bbaf5cb67381d5006d4ea8368b7,panel_2,fb-executable-rep2-pairing-081,pairing,0.7821391344124605,0.7909473372364185,True,1,1,37.599821428571424,36.535178571428574
core,Kaikaku/epicure-core,d31ebb5af8e92bbaf5cb67381d5006d4ea8368b7,panel_2,fb-executable-rep2-pairing-005,pairing,0.7626794258373206,0.7614591754888574,False,1,1,48.86035714285715,41.629642857142855
core,Kaikaku/epicure-core,d31ebb5af8e92bbaf5cb67381d5006d4ea8368b7,panel_2,fb-executable-rep2-pairing-096,pairing,0.5799043062200958,0.5994134392720893,False,1,1,51.00160714285715,53.16232142857143
core,Kaikaku/epicure-core,d31ebb5af8e92bbaf5cb67381d5006d4ea8368b7,panel_2,fb-executable-rep2-pairing-125,pairing,0.7606206637274001,0.7611595726857285,True,1,1,47.04071428571429,46.11660714285715
core,Kaikaku/epicure-core,d31ebb5af8e92bbaf5cb67381d5006d4ea8368b7,panel_2,fb-executable-rep2-pairing-001,pairing,0.5016404647983596,0.44453712193137485,False,1,1,50.1875,52.11517857142857
core,Kaikaku/epicure-core,d31ebb5af8e92bbaf5cb67381d5006d4ea8368b7,panel_2,fb-executable-rep2-pairing-156,pairing,0.6552973342447028,0.7021354087688816,False,1,1,45.17892857142857,42.388392857142854
core,Kaikaku/epicure-core,d31ebb5af8e92bbaf5cb67381d5006d4ea8368b7,panel_2,fb-executable-rep2-pairing-068,pairing,0.8273552180841969,0.8382910848196348,False,1,1,42.28071428571428,44.72857142857143
core,Kaikaku/epicure-core,d31ebb5af8e92bbaf5cb67381d5006d4ea8368b7,panel_2,fb-executable-rep2-pairing-057,pairing,0.9057384058060065,0.9111622762662025,True,1,1,47.47714285714285,51.629642857142855
core,Kaikaku/epicure-core,d31ebb5af8e92bbaf5cb67381d5006d4ea8368b7,panel_2,fb-executable-rep2-pairing-099,pairing,0.7148569675045633,0.749771338267472,True,1,1,38.628035714285716,39.215357142857144
core,Kaikaku/epicure-core,d31ebb5af8e92bbaf5cb67381d5006d4ea8368b7,panel_2,fb-executable-rep2-pairing-025,pairing,0.5769651401230349,0.585510522009794,False,1,1,49.855892857142855,47.169285714285714
core,Kaikaku/epicure-core,d31ebb5af8e92bbaf5cb67381d5006d4ea8368b7,panel_2,fb-executable-rep2-pairing-104,pairing,0.23417634996582368,0.30146386335255965,False,1,1,43.190714285714286,55.09428571428572
core,Kaikaku/epicure-core,d31ebb5af8e92bbaf5cb67381d5006d4ea8368b7,panel_2,fb-executable-rep2-pairing-059,pairing,0.709295967190704,0.7458343090290929,False,1,1,44.90232142857143,40.56982142857143
core,Kaikaku/epicure-core,d31ebb5af8e92bbaf5cb67381d5006d4ea8368b7,panel_2,fb-executable-rep2-pairing-012,pairing,0.44976845133790605,0.4927385864977855,False,1,1,42.52392857142857,46.29785714285715
core,Kaikaku/epicure-core,d31ebb5af8e92bbaf5cb67381d5006d4ea8368b7,panel_2,fb-executable-rep2-pairing-139,pairing,0.8455912508544088,0.8743888176799911,False,1,1,41.10875,51.57875
core,Kaikaku/epicure-core,d31ebb5af8e92bbaf5cb67381d5006d4ea8368b7,panel_2,fb-executable-rep2-pairing-072,pairing,0.2115516062884484,0.288442227884508,False,1,1,45.39910714285715,51.143571428571434
core,Kaikaku/epicure-core,d31ebb5af8e92bbaf5cb67381d5006d4ea8368b7,panel_2,fb-executable-rep2-pairing-119,pairing,0.24969667974732085,0.27258864876255223,False,1,1,48.838571428571434,50.52910714285715
core,Kaikaku/epicure-core,d31ebb5af8e92bbaf5cb67381d5006d4ea8368b7,panel_2,fb-executable-rep2-pairing-112,pairing,0.44251537935748464,0.35086926447351746,False,1,1,31.00785714285714,46.33428571428571
core,Kaikaku/epicure-core,d31ebb5af8e92bbaf5cb67381d5006d4ea8368b7,panel_2,fb-executable-rep2-pairing-008,pairing,0.13875835200850295,0.13717452741475147,False,1,1,49.183214285714286,46.04964285714286
core,Kaikaku/epicure-core,d31ebb5af8e92bbaf5cb67381d5006d4ea8368b7,panel_2,fb-executable-rep2-pairing-152,pairing,0.8360019823842342,0.8501395590057689,False,1,1,55.89160714285715,49.17267857142857
core,Kaikaku/epicure-core,d31ebb5af8e92bbaf5cb67381d5006d4ea8368b7,panel_2,fb-executable-rep2-pairing-084,pairing,0.7010714469828623,0.7311382184979672,False,1,1,49.205,40.40517857142857
core,Kaikaku/epicure-core,d31ebb5af8e92bbaf5cb67381d5006d4ea8368b7,panel_2,fb-executable-rep2-pairing-053,pairing,0.780246069719754,0.7542323792989315,False,1,1,46.573392857142856,53.176428571428566
core,Kaikaku/epicure-core,d31ebb5af8e92bbaf5cb67381d5006d4ea8368b7,panel_2,fb-executable-rep2-pairing-117,pairing,0.8788790157211211,0.8676340217766308,False,1,1,56.800535714285715,52.69107142857143
core,Kaikaku/epicure-core,d31ebb5af8e92bbaf5cb67381d5006d4ea8368b7,panel_2,fb-executable-rep2-pairing-038,pairing,0.5403964456596037,0.5358571200756498,False,1,1,47.3075,37.49053571428571
core,Kaikaku/epicure-core,d31ebb5af8e92bbaf5cb67381d5006d4ea8368b7,panel_2,fb-executable-rep2-pairing-055,pairing,0.6013773305274922,0.6189077704864588,True,1,1,43.19482142857143,43.63214285714285
core,Kaikaku/epicure-core,d31ebb5af8e92bbaf5cb67381d5006d4ea8368b7,panel_2,fb-executable-rep2-pairing-028,pairing,0.07265892002734109,0.07274159784682241,False,1,1,41.56125,44.50035714285715
core,Kaikaku/epicure-core,d31ebb5af8e92bbaf5cb67381d5006d4ea8368b7,panel_2,fb-executable-rep2-pairing-006,pairing,0.4954714788612051,0.5818624296476066,True,1,1,37.86839285714286,30.68285714285714
core,Kaikaku/epicure-core,d31ebb5af8e92bbaf5cb67381d5006d4ea8368b7,panel_2,fb-executable-rep2-pairing-062,pairing,0.6539302802460698,0.6942281535758194,False,1,1,46.325,48.75125
core,Kaikaku/epicure-core,d31ebb5af8e92bbaf5cb67381d5006d4ea8368b7,panel_2,fb-executable-rep2-pairing-074,pairing,0.24870979869441878,0.27198898089339524,True,1,1,44.57232142857143,48.315
core,Kaikaku/epicure-core,d31ebb5af8e92bbaf5cb67381d5006d4ea8368b7,panel_2,fb-executable-rep2-pairing-086,pairing,0.718582316971861,0.7221299605596634,True,1,1,34.38946428571428,47.92160714285715
core,Kaikaku/epicure-core,d31ebb5af8e92bbaf5cb67381d5006d4ea8368b7,panel_2,fb-executable-rep2-pairing-070,pairing,0.780041011619959,0.8047170315270961,True,1,1,35.69446428571428,40.853928571428575
core,Kaikaku/epicure-core,d31ebb5af8e92bbaf5cb67381d5006d4ea8368b7,panel_2,fb-executable-rep2-pairing-134,pairing,0.4528443753972079,0.46475111243880296,False,1,1,48.2625,34.97857142857143
core,Kaikaku/epicure-core,d31ebb5af8e92bbaf5cb67381d5006d4ea8368b7,panel_2,fb-executable-rep2-pairing-010,pairing,0.49234449760765564,0.5158092059621493,False,1,1,54.622678571428565,41.37357142857143
core,Kaikaku/epicure-core,d31ebb5af8e92bbaf5cb67381d5006d4ea8368b7,panel_2,fb-executable-rep2-pairing-130,pairing,0.8971445172963552,0.9084033641499453,False,1,1,44.30696428571429,42.24089285714285
core,Kaikaku/epicure-core,d31ebb5af8e92bbaf5cb67381d5006d4ea8368b7,panel_2,fb-executable-rep2-pairing-138,pairing,0.7997265892002735,0.813429452988237,False,1,1,47.26232142857143,45.27
core,Kaikaku/epicure-core,d31ebb5af8e92bbaf5cb67381d5006d4ea8368b7,panel_2,fb-executable-rep2-pairing-035,pairing,-0.16507459118252937,-0.20257407587627033,False,1,1,53.92214285714285,43.27392857142857
core,Kaikaku/epicure-core,d31ebb5af8e92bbaf5cb67381d5006d4ea8368b7,panel_2,fb-executable-rep2-pairing-075,pairing,0.8560492139439508,0.8609562067861176,False,1,1,43.87107142857143,47.801607142857144
core,Kaikaku/epicure-core,d31ebb5af8e92bbaf5cb67381d5006d4ea8368b7,panel_2,fb-executable-rep2-pairing-054,pairing,0.6566756097269398,0.7038926000170533,False,1,1,42.22,39.262142857142855
core,Kaikaku/epicure-core,d31ebb5af8e92bbaf5cb67381d5006d4ea8368b7,panel_2,fb-executable-rep2-pairing-126,pairing,0.8792891319207109,0.9155331289072433,True,1,1,39.30267857142857,46.760714285714286
core,Kaikaku/epicure-core,d31ebb5af8e92bbaf5cb67381d5006d4ea8368b7,panel_2,fb-executable-rep2-pairing-016,pairing,-0.07922077922077922,-0.0597479041417879,False,1,1,43.465892857142855,36.60785714285714
core,Kaikaku/epicure-core,d31ebb5af8e92bbaf5cb67381d5006d4ea8368b7,panel_2,fb-executable-rep2-constraint-102,constraint,0.6723518850987432,0.8038512185481875,False,1,1,3.9848214285714283,4.72875
core,Kaikaku/epicure-core,d31ebb5af8e92bbaf5cb67381d5006d4ea8368b7,panel_2,fb-executable-rep2-constraint-146,constraint,0.6728007181328545,0.9494149648082524,True,1,1,2.9941071428571426,3.50125
core,Kaikaku/epicure-core,d31ebb5af8e92bbaf5cb67381d5006d4ea8368b7,panel_2,fb-executable-rep2-constraint-119,constraint,0.6481149012567324,0.8867030636876583,True,1,1,2.0864285714285713,2.7057142857142855
core,Kaikaku/epicure-core,d31ebb5af8e92bbaf5cb67381d5006d4ea8368b7,panel_2,fb-executable-rep2-constraint-096,constraint,0.9999999999999999,0.982880813671647,True,1,1,2.9707142857142856,3.3625
core,Kaikaku/epicure-core,d31ebb5af8e92bbaf5cb67381d5006d4ea8368b7,panel_2,fb-executable-rep2-constraint-076,constraint,0.6728007181328545,0.8770615194589514,True,1,1,2.7532142857142854,4.053928571428572
core,Kaikaku/epicure-core,d31ebb5af8e92bbaf5cb67381d5006d4ea8368b7,panel_2,fb-executable-rep2-constraint-024,constraint,0.998653500897666,0.6519649228610299,False,1,1,3.8080357142857144,3.6142857142857143
core,Kaikaku/epicure-core,d31ebb5af8e92bbaf5cb67381d5006d4ea8368b7,panel_2,fb-executable-rep2-constraint-158,constraint,0.6602333931777377,0.8590924098467322,True,1,1,3.145,3.5851785714285715
core,Kaikaku/epicure-core,d31ebb5af8e92bbaf5cb67381d5006d4ea8368b7,panel_2,fb-executable-rep2-constraint-054,constraint,0.998653500897666,0.9589295281979723,False,1,1,5.091428571428572,4.270892857142857
core,Kaikaku/epicure-core,d31ebb5af8e92bbaf5cb67381d5006d4ea8368b7,panel_2,fb-executable-rep2-constraint-072,constraint,0.9995511669658885,0.9378034752535981,False,1,1,3.5432142857142854,3.88875
core,Kaikaku/epicure-core,d31ebb5af8e92bbaf5cb67381d5006d4ea8368b7,panel_2,fb-executable-rep2-constraint-074,constraint,0.6602333931777377,0.8658727098848067,True,1,1,3.7471428571428573,3.1
core,Kaikaku/epicure-core,d31ebb5af8e92bbaf5cb67381d5006d4ea8368b7,panel_2,fb-executable-rep2-constraint-083,constraint,0.9995511669658885,0.9695258679243755,False,1,1,3.3655357142857145,4.090535714285714
core,Kaikaku/epicure-core,d31ebb5af8e92bbaf5cb67381d5006d4ea8368b7,panel_2,fb-executable-rep2-constraint-036,constraint,0.9995511669658885,0.9362865056957848,False,1,1,3.524642857142857,3.8148214285714284
core,Kaikaku/epicure-core,d31ebb5af8e92bbaf5cb67381d5006d4ea8368b7,panel_2,fb-executable-rep2-constraint-017,constraint,0.998653500897666,0.8375340305018899,False,1,1,4.285357142857142,3.8930357142857144
core,Kaikaku/epicure-core,d31ebb5af8e92bbaf5cb67381d5006d4ea8368b7,panel_2,fb-executable-rep2-constraint-040,constraint,0.6220825852782764,0.09326889633985565,False,1,1,4.248392857142857,2.3808928571428574
core,Kaikaku/epicure-core,d31ebb5af8e92bbaf5cb67381d5006d4ea8368b7,panel_2,fb-executable-rep2-constraint-126,constraint,0.6225314183123878,0.03744111766799685,False,1,1,2.0533928571428572,3.4407142857142854
core,Kaikaku/epicure-core,d31ebb5af8e92bbaf5cb67381d5006d4ea8368b7,panel_2,fb-executable-rep2-constraint-148,constraint,0.6220825852782764,0.0670832570980887,False,1,1,4.181964285714286,2.2158928571428573
core,Kaikaku/epicure-core,d31ebb5af8e92bbaf5cb67381d5006d4ea8368b7,panel_2,fb-executable-rep2-constraint-065,constraint,0.6481149012567324,0.8621704824395633,True,1,1,2.4126785714285712,2.9042857142857144
core,Kaikaku/epicure-core,d31ebb5af8e92bbaf5cb67381d5006d4ea8368b7,panel_2,fb-executable-rep2-constraint-075,constraint,0.9995511669658885,0.9525062627007445,True,1,1,4.682678571428571,3.407857142857143
core,Kaikaku/epicure-core,d31ebb5af8e92bbaf5cb67381d5006d4ea8368b7,panel_2,fb-executable-rep2-constraint-123,constraint,0.9995511669658885,0.9853600567705919,False,1,1,4.210178571428572,3.717321428571428
core,Kaikaku/epicure-core,d31ebb5af8e92bbaf5cb67381d5006d4ea8368b7,panel_2,fb-executable-rep2-constraint-090,constraint,0.6593357271095152,0.6562453295794912,False,1,1,3.8066071428571426,3.57375
core,Kaikaku/epicure-core,d31ebb5af8e92bbaf5cb67381d5006d4ea8368b7,panel_2,fb-executable-rep2-constraint-015,constraint,0.9999999999999999,0.9863230787299357,True,1,1,3.1730357142857146,2.7723214285714284
core,Kaikaku/epicure-core,d31ebb5af8e92bbaf5cb67381d5006d4ea8368b7,panel_2,fb-executable-rep2-constraint-043,constraint,0.6481149012567324,0.8939422723712782,True,1,1,3.0658928571428574,2.3514285714285714
core,Kaikaku/epicure-core,d31ebb5af8e92bbaf5cb67381d5006d4ea8368b7,panel_2,fb-executable-rep2-constraint-136,constraint,0.6728007181328545,0.9604976042134603,True,1,1,2.68125,2.0948214285714286
core,Kaikaku/epicure-core,d31ebb5af8e92bbaf5cb67381d5006d4ea8368b7,panel_2,fb-executable-rep2-constraint-106,constraint,0.9999999999999999,0.9976091879111811,True,1,1,2.719821428571428,2.8969642857142857
core,Kaikaku/epicure-core,d31ebb5af8e92bbaf5cb67381d5006d4ea8368b7,panel_2,fb-executable-rep2-constraint-059,constraint,0.9995511669658885,0.9612840795238083,False,1,1,3.7896428571428573,3.5157142857142856
core,Kaikaku/epicure-core,d31ebb5af8e92bbaf5cb67381d5006d4ea8368b7,panel_2,fb-executable-rep2-constraint-140,constraint,0.6602333931777377,0.8306568697170053,True,1,1,3.9744642857142853,3.015
core,Kaikaku/epicure-core,d31ebb5af8e92bbaf5cb67381d5006d4ea8368b7,panel_2,fb-executable-rep2-constraint-079,constraint,0.6350987432675045,0.27989250600501314,False,1,1,3.6182142857142856,2.694642857142857
core,Kaikaku/epicure-core,d31ebb5af8e92bbaf5cb67381d5006d4ea8368b7,panel_2,fb-executable-rep2-constraint-134,constraint,0.9995511669658885,0.9893095999020308,True,1,1,4.145357142857143,4.0775
core,Kaikaku/epicure-core,d31ebb5af8e92bbaf5cb67381d5006d4ea8368b7,panel_2,fb-executable-rep2-constraint-095,constraint,0.6350987432675045,0.5271669073195289,False,1,1,3.725,4.152321428571429
core,Kaikaku/epicure-core,d31ebb5af8e92bbaf5cb67381d5006d4ea8368b7,panel_2,fb-executable-rep2-constraint-121,constraint,0.6472172351885097,0.4568386096546298,False,1,1,3.4567857142857146,4.609464285714285
core,Kaikaku/epicure-core,d31ebb5af8e92bbaf5cb67381d5006d4ea8368b7,panel_2,fb-executable-rep2-constraint-098,constraint,0.9995511669658885,0.9659711292637223,True,1,1,4.2248214285714285,5.206607142857143
core,Kaikaku/epicure-core,d31ebb5af8e92bbaf5cb67381d5006d4ea8368b7,panel_2,fb-executable-rep2-constraint-041,constraint,0.6602333931777377,0.6835111769479755,True,1,1,4.778035714285714,2.5942857142857143
core,Kaikaku/epicure-core,d31ebb5af8e92bbaf5cb67381d5006d4ea8368b7,panel_2,fb-executable-rep2-constraint-027,constraint,0.6728007181328545,0.7637953085540046,True,1,1,1.9941071428571429,4.20625
core,Kaikaku/epicure-core,d31ebb5af8e92bbaf5cb67381d5006d4ea8368b7,panel_2,fb-executable-rep2-constraint-124,constraint,0.6602333931777377,0.767792059187433,True,1,1,2.0,3.8180357142857146
core,Kaikaku/epicure-core,d31ebb5af8e92bbaf5cb67381d5006d4ea8368b7,panel_2,fb-executable-rep2-constraint-139,constraint,0.6602333931777377,0.8667886846622548,True,1,1,2.1333928571428573,2.98375
core,Kaikaku/epicure-core,d31ebb5af8e92bbaf5cb67381d5006d4ea8368b7,panel_2,fb-executable-rep2-constraint-071,constraint,0.9999999999999999,0.9204479748912521,True,1,1,4.437678571428572,3.0217857142857145
core,Kaikaku/epicure-core,d31ebb5af8e92bbaf5cb67381d5006d4ea8368b7,panel_2,fb-executable-rep2-constraint-052,constraint,0.6602333931777377,0.7718577330585122,True,1,1,3.9507142857142856,3.8082142857142856
core,Kaikaku/epicure-core,d31ebb5af8e92bbaf5cb67381d5006d4ea8368b7,panel_2,fb-executable-rep2-constraint-082,constraint,0.9999999999999999,0.9974758908213968,True,1,1,2.40875,2.5769642857142854
core,Kaikaku/epicure-core,d31ebb5af8e92bbaf5cb67381d5006d4ea8368b7,panel_2,fb-executable-rep2-constraint-142,constraint,0.6220825852782764,0.14667704557431802,False,1,1,2.7239285714285715,3.9828571428571427
core,Kaikaku/epicure-core,d31ebb5af8e92bbaf5cb67381d5006d4ea8368b7,panel_2,fb-executable-rep2-constraint-050,constraint,0.6467684021543985,0.304893066123002,False,1,1,2.8567857142857145,4.752321428571428
core,Kaikaku/epicure-core,d31ebb5af8e92bbaf5cb67381d5006d4ea8368b7,panel_2,fb-executable-rep2-constraint-097,constraint,0.6723518850987432,0.8742435303377524,False,1,1,3.5591071428571426,3.0707142857142857
core,Kaikaku/epicure-core,d31ebb5af8e92bbaf5cb67381d5006d4ea8368b7,panel_2,fb-executable-rep2-constraint-068,constraint,0.6225314183123878,0.11416150341541512,False,1,1,2.549107142857143,2.7305357142857143
core,Kaikaku/epicure-core,d31ebb5af8e92bbaf5cb67381d5006d4ea8368b7,panel_2,fb-executable-rep2-constraint-132,constraint,0.9999999999999999,0.9449599607054165,True,1,1,3.4180357142857143,2.4298214285714286
core,Kaikaku/epicure-core,d31ebb5af8e92bbaf5cb67381d5006d4ea8368b7,panel_2,fb-executable-rep2-constraint-154,constraint,0.998653500897666,0.8130945005220325,False,1,1,3.6726785714285715,3.5508928571428573
core,Kaikaku/epicure-core,d31ebb5af8e92bbaf5cb67381d5006d4ea8368b7,panel_2,fb-executable-rep2-constraint-018,constraint,0.9995511669658885,0.8579369919806743,True,1,1,3.7676785714285717,3.6492857142857145
core,Kaikaku/epicure-core,d31ebb5af8e92bbaf5cb67381d5006d4ea8368b7,panel_2,fb-executable-rep2-constraint-060,constraint,0.6350987432675045,0.5781081099741244,False,1,1,3.6673214285714284,4.140892857142857
core,Kaikaku/epicure-core,d31ebb5af8e92bbaf5cb67381d5006d4ea8368b7,panel_2,fb-executable-rep2-constraint-033,constraint,0.9995511669658885,0.8448215278875397,False,1,1,3.1694642857142856,3.59625
core,Kaikaku/epicure-core,d31ebb5af8e92bbaf5cb67381d5006d4ea8368b7,panel_2,fb-executable-rep2-constraint-044,constraint,0.9995511669658885,0.9362247773688936,False,1,1,3.8217857142857143,3.458392857142857
core,Kaikaku/epicure-core,d31ebb5af8e92bbaf5cb67381d5006d4ea8368b7,panel_2,fb-executable-rep2-constraint-133,constraint,0.6728007181328545,0.8602412078489222,True,1,1,2.421607142857143,3.9085714285714284
core,Kaikaku/epicure-core,d31ebb5af8e92bbaf5cb67381d5006d4ea8368b7,panel_2,fb-executable-rep2-constraint-003,constraint,0.9995511669658885,0.8528073927968791,False,1,1,2.9603571428571427,4.628392857142857
core,Kaikaku/epicure-core,d31ebb5af8e92bbaf5cb67381d5006d4ea8368b7,panel_2,fb-executable-rep2-constraint-125,constraint,0.6728007181328545,0.8822104566636201,True,1,1,2.474464285714286,4.007321428571428
core,Kaikaku/epicure-core,d31ebb5af8e92bbaf5cb67381d5006d4ea8368b7,panel_2,fb-executable-rep2-constraint-061,constraint,0.6602333931777377,0.6138116674236236,True,1,1,3.7344642857142856,3.65375
core,Kaikaku/epicure-core,d31ebb5af8e92bbaf5cb67381d5006d4ea8368b7,panel_2,fb-executable-rep2-constraint-116,constraint,0.6602333931777377,0.7978358538372322,True,1,1,4.1207142857142856,3.12875
core,Kaikaku/epicure-core,d31ebb5af8e92bbaf5cb67381d5006d4ea8368b7,panel_2,fb-executable-rep2-constraint-051,constraint,0.6728007181328545,0.8886675317490715,True,1,1,3.5291071428571428,2.8296428571428573
core,Kaikaku/epicure-core,d31ebb5af8e92bbaf5cb67381d5006d4ea8368b7,panel_2,fb-executable-rep2-constraint-008,constraint,0.998653500897666,0.9366747388430302,False,1,1,4.394642857142857,4.990178571428571
core,Kaikaku/epicure-core,d31ebb5af8e92bbaf5cb67381d5006d4ea8368b7,panel_2,fb-executable-rep2-constraint-112,constraint,0.9995511669658885,0.8865529479404932,True,1,1,3.2951785714285715,2.149642857142857
core,Kaikaku/epicure-core,d31ebb5af8e92bbaf5cb67381d5006d4ea8368b7,panel_2,fb-executable-rep2-constraint-049,constraint,0.6593357271095152,0.6896657728823746,False,1,1,2.9530357142857144,3.412857142857143
core,Kaikaku/epicure-core,d31ebb5af8e92bbaf5cb67381d5006d4ea8368b7,panel_2,fb-executable-rep2-constraint-104,constraint,0.6723518850987432,0.8297746621175168,False,1,1,3.859642857142857,3.0360714285714283
core,Kaikaku/epicure-core,d31ebb5af8e92bbaf5cb67381d5006d4ea8368b7,panel_2,fb-executable-rep2-constraint-138,constraint,0.6467684021543985,0.518939903318232,False,1,1,3.6167857142857143,3.5291071428571428
core,Kaikaku/epicure-core,d31ebb5af8e92bbaf5cb67381d5006d4ea8368b7,panel_2,fb-executable-rep2-constraint-006,constraint,0.9999999999999999,0.9435776504915577,True,1,1,4.180357142857143,3.14875
core,Kaikaku/epicure-core,d31ebb5af8e92bbaf5cb67381d5006d4ea8368b7,panel_2,fb-executable-rep2-constraint-110,constraint,0.6472172351885097,0.47695187320265475,False,1,1,3.03375,2.116964285714286
core,Kaikaku/epicure-core,d31ebb5af8e92bbaf5cb67381d5006d4ea8368b7,panel_2,fb-executable-rep2-constraint-088,constraint,0.6723518850987432,0.840806031195404,False,1,1,2.8480357142857144,4.842321428571428
core,Kaikaku/epicure-core,d31ebb5af8e92bbaf5cb67381d5006d4ea8368b7,panel_2,fb-executable-rep2-constraint-105,constraint,0.9999999999999999,0.9665964395158497,True,1,1,3.510178571428572,2.735
core,Kaikaku/epicure-core,d31ebb5af8e92bbaf5cb67381d5006d4ea8368b7,panel_2,fb-executable-rep2-constraint-037,constraint,0.9995511669658885,0.964026332057467,True,1,1,3.6848214285714285,3.532678571428572
core,Kaikaku/epicure-core,d31ebb5af8e92bbaf5cb67381d5006d4ea8368b7,panel_2,fb-executable-rep2-constraint-118,constraint,0.6728007181328545,0.995424481928008,True,1,1,3.2626785714285718,3.62125
core,Kaikaku/epicure-core,d31ebb5af8e92bbaf5cb67381d5006d4ea8368b7,panel_2,fb-executable-rep2-constraint-035,constraint,0.6728007181328545,0.9655465102632035,True,1,1,2.8025,2.4180357142857143
core,Kaikaku/epicure-core,d31ebb5af8e92bbaf5cb67381d5006d4ea8368b7,panel_2,fb-executable-rep2-constraint-093,constraint,0.6723518850987432,0.804483658919181,False,1,1,3.8198214285714283,4.329285714285715
core,Kaikaku/epicure-core,d31ebb5af8e92bbaf5cb67381d5006d4ea8368b7,panel_2,fb-executable-rep2-constraint-077,constraint,0.9982046678635548,0.36124641649110467,False,1,1,3.8132142857142854,2.4780357142857143
core,Kaikaku/epicure-core,d31ebb5af8e92bbaf5cb67381d5006d4ea8368b7,panel_2,fb-executable-rep2-constraint-055,constraint,0.6472172351885097,0.5682648477477342,False,1,1,3.9058928571428573,3.862142857142857
core,Kaikaku/epicure-core,d31ebb5af8e92bbaf5cb67381d5006d4ea8368b7,panel_2,fb-executable-rep2-constraint-127,constraint,0.6467684021543985,0.49320606917696985,False,1,1,3.506607142857143,3.9069642857142854
core,Kaikaku/epicure-core,d31ebb5af8e92bbaf5cb67381d5006d4ea8368b7,panel_2,fb-executable-rep2-constraint-038,constraint,0.9995511669658885,0.9857739316402608,True,1,1,2.345535714285714,2.3828571428571426
core,Kaikaku/epicure-core,d31ebb5af8e92bbaf5cb67381d5006d4ea8368b7,panel_2,fb-executable-rep2-constraint-120,constraint,0.6463195691202871,0.27756764214225127,False,1,1,3.5280357142857146,2.0794642857142858
core,Kaikaku/epicure-core,d31ebb5af8e92bbaf5cb67381d5006d4ea8368b7,panel_2,fb-executable-rep2-constraint-149,constraint,0.6602333931777377,0.7929968998126165,True,1,1,2.564107142857143,4.171964285714285
core,Kaikaku/epicure-core,d31ebb5af8e92bbaf5cb67381d5006d4ea8368b7,panel_2,fb-executable-rep2-constraint-019,constraint,0.9999999999999999,0.8874055902416038,True,1,1,3.8389285714285717,2.373392857142857
core,Kaikaku/epicure-core,d31ebb5af8e92bbaf5cb67381d5006d4ea8368b7,panel_2,fb-executable-rep2-constraint-047,constraint,0.998653500897666,0.8696752263594251,False,1,1,4.25875,3.8992857142857145
core,Kaikaku/epicure-core,d31ebb5af8e92bbaf5cb67381d5006d4ea8368b7,panel_2,fb-executable-rep2-constraint-004,constraint,0.6342010771992819,0.24335070896075742,False,1,1,3.4310714285714283,4.153214285714285
core,Kaikaku/epicure-core,d31ebb5af8e92bbaf5cb67381d5006d4ea8368b7,panel_2,fb-executable-rep2-constraint-062,constraint,0.6728007181328545,0.9733582126116753,True,1,1,2.6032142857142855,2.655357142857143
core,Kaikaku/epicure-core,d31ebb5af8e92bbaf5cb67381d5006d4ea8368b7,panel_2,fb-executable-rep2-constraint-016,constraint,0.6472172351885097,0.7016643438805662,False,1,1,4.517857142857142,3.998392857142857
core,Kaikaku/epicure-core,d31ebb5af8e92bbaf5cb67381d5006d4ea8368b7,panel_2,fb-executable-rep2-constraint-020,constraint,0.6728007181328545,0.9602501809934791,True,1,1,2.144285714285714,2.6635714285714283
core,Kaikaku/epicure-core,d31ebb5af8e92bbaf5cb67381d5006d4ea8368b7,panel_2,fb-executable-rep2-constraint-039,constraint,0.6728007181328545,0.9560154530507251,True,1,1,2.5782142857142856,3.40875
core,Kaikaku/epicure-core,d31ebb5af8e92bbaf5cb67381d5006d4ea8368b7,panel_2,fb-executable-rep2-constraint-157,constraint,0.6342010771992819,0.5370584035460013,False,1,1,4.808928571428572,3.263392857142857
core,Kaikaku/epicure-core,d31ebb5af8e92bbaf5cb67381d5006d4ea8368b7,panel_2,fb-executable-rep2-constraint-114,constraint,0.6602333931777377,0.8960793838362807,True,1,1,2.7758928571428574,2.845357142857143
core,Kaikaku/epicure-core,d31ebb5af8e92bbaf5cb67381d5006d4ea8368b7,panel_2,fb-executable-rep2-constraint-042,constraint,0.6602333931777377,0.7297768832511241,True,1,1,2.99375,3.2753571428571426
core,Kaikaku/epicure-core,d31ebb5af8e92bbaf5cb67381d5006d4ea8368b7,panel_2,fb-executable-rep2-constraint-115,constraint,0.6723518850987432,0.6921549067810426,False,1,1,2.3266071428571427,3.9798214285714284
core,Kaikaku/epicure-core,d31ebb5af8e92bbaf5cb67381d5006d4ea8368b7,panel_2,fb-executable-rep2-constraint-150,constraint,0.9999999999999999,0.9916968057047428,True,1,1,3.2733928571428574,3.73875
core,Kaikaku/epicure-core,d31ebb5af8e92bbaf5cb67381d5006d4ea8368b7,panel_2,fb-executable-rep2-constraint-144,constraint,0.9999999999999999,0.993843418259375,True,1,1,2.86,2.6416071428571426
core,Kaikaku/epicure-core,d31ebb5af8e92bbaf5cb67381d5006d4ea8368b7,panel_2,fb-executable-rep2-constraint-012,constraint,0.6472172351885097,0.20951995766067644,False,1,1,3.1282142857142854,2.3641071428571427
core,Kaikaku/epicure-core,d31ebb5af8e92bbaf5cb67381d5006d4ea8368b7,panel_2,fb-executable-rep2-constraint-026,constraint,0.6602333931777377,0.8088402232776555,True,1,1,3.035892857142857,2.9716071428571427
core,Kaikaku/epicure-core,d31ebb5af8e92bbaf5cb67381d5006d4ea8368b7,panel_2,fb-executable-rep2-constraint-073,constraint,0.6342010771992819,0.3534606542496788,False,1,1,2.1503571428571426,3.905178571428572
chem,Kaikaku/epicure-chem,2461ef3fbafab36d2b1111187a3df98721146861,panel_1,fb-executable-substitution-136,substitution,0.7126452494873549,0.7648430756235275,True,1,1,41.5325,44.31178571428572
chem,Kaikaku/epicure-chem,2461ef3fbafab36d2b1111187a3df98721146861,panel_1,fb-executable-substitution-124,substitution,0.48407382091592616,0.481245280841008,True,1,1,47.64107142857143,36.61803571428572
chem,Kaikaku/epicure-chem,2461ef3fbafab36d2b1111187a3df98721146861,panel_1,fb-executable-substitution-086,substitution,0.761654135338346,0.7674745375385327,False,1,1,44.17964285714285,44.80482142857143
chem,Kaikaku/epicure-chem,2461ef3fbafab36d2b1111187a3df98721146861,panel_1,fb-executable-substitution-040,substitution,0.5958988380041012,0.6328154283382929,False,1,1,44.99053571428571,47.94375
chem,Kaikaku/epicure-chem,2461ef3fbafab36d2b1111187a3df98721146861,panel_1,fb-executable-substitution-066,substitution,0.5102274475701823,0.5324497596321315,False,1,1,46.05267857142857,47.863035714285715
chem,Kaikaku/epicure-chem,2461ef3fbafab36d2b1111187a3df98721146861,panel_1,fb-executable-substitution-106,substitution,0.8618202951135527,0.8664948557375005,False,1,1,34.54982142857143,38.19875
chem,Kaikaku/epicure-chem,2461ef3fbafab36d2b1111187a3df98721146861,panel_1,fb-executable-substitution-042,substitution,-0.17881066302118934,-0.18786226375443502,False,1,1,50.01392857142857,55.58410714285715
chem,Kaikaku/epicure-chem,2461ef3fbafab36d2b1111187a3df98721146861,panel_1,fb-executable-substitution-049,substitution,0.6303485987696514,0.653198255271793,False,1,1,43.3725,52.88875
chem,Kaikaku/epicure-chem,2461ef3fbafab36d2b1111187a3df98721146861,panel_1,fb-executable-substitution-143,substitution,0.6956254272043746,0.7091539455317696,False,1,1,45.49196428571428,49.39767857142857
chem,Kaikaku/epicure-chem,2461ef3fbafab36d2b1111187a3df98721146861,panel_1,fb-executable-substitution-101,substitution,0.6626907501095745,0.6423027474622082,False,1,1,40.41303571428571,44.60232142857143
chem,Kaikaku/epicure-chem,2461ef3fbafab36d2b1111187a3df98721146861,panel_1,fb-executable-substitution-099,substitution,0.34713511855920304,0.3447547527931036,False,1,1,46.754285714285714,34.14517857142857
chem,Kaikaku/epicure-chem,2461ef3fbafab36d2b1111187a3df98721146861,panel_1,fb-executable-substitution-075,substitution,-0.22727661104841002,-0.26093513125398227,False,1,1,45.58089285714286,47.94571428571428
chem,Kaikaku/epicure-chem,2461ef3fbafab36d2b1111187a3df98721146861,panel_1,fb-executable-substitution-006,substitution,0.37566643882433354,0.42404732833938213,False,1,1,42.31232142857143,51.34017857142857
chem,Kaikaku/epicure-chem,2461ef3fbafab36d2b1111187a3df98721146861,panel_1,fb-executable-substitution-065,substitution,0.33144224196855776,0.3839865056884137,False,1,1,51.761964285714285,44.24339285714285
chem,Kaikaku/epicure-chem,2461ef3fbafab36d2b1111187a3df98721146861,panel_1,fb-executable-substitution-089,substitution,0.4107725696527578,0.4417145300338163,False,1,1,44.74035714285715,51.82607142857143
chem,Kaikaku/epicure-chem,2461ef3fbafab36d2b1111187a3df98721146861,panel_1,fb-executable-substitution-027,substitution,0.525768967874231,0.5775492912315169,False,1,1,49.88732142857143,45.53964285714285
chem,Kaikaku/epicure-chem,2461ef3fbafab36d2b1111187a3df98721146861,panel_1,fb-executable-substitution-113,substitution,0.8643198906356802,0.8788166192522896,False,1,1,40.51625,44.378392857142856
chem,Kaikaku/epicure-chem,2461ef3fbafab36d2b1111187a3df98721146861,panel_1,fb-executable-substitution-072,substitution,0.5088174982911825,0.5373953038391458,False,1,1,49.27964285714285,39.753571428571426
chem,Kaikaku/epicure-chem,2461ef3fbafab36d2b1111187a3df98721146861,panel_1,fb-executable-substitution-007,substitution,0.14183185235816814,0.1679513358567276,False,1,1,49.77160714285715,49.21785714285715
chem,Kaikaku/epicure-chem,2461ef3fbafab36d2b1111187a3df98721146861,panel_1,fb-executable-substitution-025,substitution,0.6270676691729323,0.6155517818230014,False,1,1,49.76464285714285,40.379107142857144
chem,Kaikaku/epicure-chem,2461ef3fbafab36d2b1111187a3df98721146861,panel_1,fb-executable-substitution-013,substitution,0.781203007518797,0.7945048463663279,False,1,1,43.49,40.35125
chem,Kaikaku/epicure-chem,2461ef3fbafab36d2b1111187a3df98721146861,panel_1,fb-executable-substitution-087,substitution,0.9371155160628845,0.9373766744113741,True,1,1,44.72517857142857,41.364285714285714
chem,Kaikaku/epicure-chem,2461ef3fbafab36d2b1111187a3df98721146861,panel_1,fb-executable-substitution-008,substitution,0.6134654818865346,0.667263524247596,True,1,1,43.91589285714285,50.91232142857143
chem,Kaikaku/epicure-chem,2461ef3fbafab36d2b1111187a3df98721146861,panel_1,fb-executable-substitution-125,substitution,0.8198704695398958,0.8216400708216756,True,1,1,49.674285714285716,46.40892857142857
chem,Kaikaku/epicure-chem,2461ef3fbafab36d2b1111187a3df98721146861,panel_1,fb-executable-substitution-069,substitution,0.35919343814080656,0.3858942898010135,False,1,1,44.82160714285715,44.85625
chem,Kaikaku/epicure-chem,2461ef3fbafab36d2b1111187a3df98721146861,panel_1,fb-executable-substitution-127,substitution,0.6459098755193836,0.6661798085840874,True,1,1,47.23714285714286,44.949642857142855
chem,Kaikaku/epicure-chem,2461ef3fbafab36d2b1111187a3df98721146861,panel_1,fb-executable-substitution-088,substitution,0.6457963089542037,0.7933240165157689,False,1,1,45.99964285714285,48.11553571428571
chem,Kaikaku/epicure-chem,2461ef3fbafab36d2b1111187a3df98721146861,panel_1,fb-executable-substitution-149,substitution,0.8305536568694464,0.8446315025734478,False,1,1,46.39839285714285,42.75928571428572
chem,Kaikaku/epicure-chem,2461ef3fbafab36d2b1111187a3df98721146861,panel_1,fb-executable-substitution-100,substitution,0.9516567270139814,0.960281590716558,True,1,1,37.62696428571429,47.46964285714285
chem,Kaikaku/epicure-chem,2461ef3fbafab36d2b1111187a3df98721146861,panel_1,fb-executable-substitution-103,substitution,0.6349965823650034,0.6842334009649269,False,1,1,36.94607142857143,46.7075
chem,Kaikaku/epicure-chem,2461ef3fbafab36d2b1111187a3df98721146861,panel_1,fb-executable-substitution-122,substitution,0.9153110047846891,0.9215354320831333,False,1,1,39.70946428571428,42.10267857142857
chem,Kaikaku/epicure-chem,2461ef3fbafab36d2b1111187a3df98721146861,panel_1,fb-executable-substitution-108,substitution,0.6527682843472317,0.6354161245536514,False,1,1,40.72875,49.98125
chem,Kaikaku/epicure-chem,2461ef3fbafab36d2b1111187a3df98721146861,panel_1,fb-executable-substitution-120,substitution,0.8408065618591934,0.849660963306146,True,1,1,43.49089285714285,38.19285714285714
chem,Kaikaku/epicure-chem,2461ef3fbafab36d2b1111187a3df98721146861,panel_1,fb-executable-substitution-138,substitution,0.7708949231290129,0.8112052446125965,False,1,1,49.05714285714285,48.71803571428572
chem,Kaikaku/epicure-chem,2461ef3fbafab36d2b1111187a3df98721146861,panel_1,fb-executable-substitution-034,substitution,0.19453510828384205,0.1738280979640934,False,1,1,47.06053571428571,44.650535714285716
chem,Kaikaku/epicure-chem,2461ef3fbafab36d2b1111187a3df98721146861,panel_1,fb-executable-substitution-032,substitution,-0.07812713602187286,-0.050351817840732366,False,1,1,52.25267857142857,49.799464285714286
chem,Kaikaku/epicure-chem,2461ef3fbafab36d2b1111187a3df98721146861,panel_1,fb-executable-substitution-012,substitution,0.7622009569377992,0.750479289348204,False,1,1,43.75714285714285,49.01660714285715
chem,Kaikaku/epicure-chem,2461ef3fbafab36d2b1111187a3df98721146861,panel_1,fb-executable-substitution-104,substitution,0.47573479152426523,0.4801213021673228,False,1,1,50.67625,44.79821428571429
chem,Kaikaku/epicure-chem,2461ef3fbafab36d2b1111187a3df98721146861,panel_1,fb-executable-substitution-031,substitution,0.048872180451127824,0.08044165414717745,False,1,1,41.39196428571429,45.67285714285715
chem,Kaikaku/epicure-chem,2461ef3fbafab36d2b1111187a3df98721146861,panel_1,fb-executable-substitution-010,substitution,0.0557758031442242,0.09075092901414586,False,1,1,42.083035714285714,42.575535714285714
chem,Kaikaku/epicure-chem,2461ef3fbafab36d2b1111187a3df98721146861,panel_1,fb-executable-substitution-011,substitution,0.1299748799724967,0.16296325191617803,False,1,1,50.42357142857143,39.31160714285714
chem,Kaikaku/epicure-chem,2461ef3fbafab36d2b1111187a3df98721146861,panel_1,fb-executable-substitution-155,substitution,0.9311004784688995,0.9203068481497778,True,1,1,37.2,39.738571428571426
chem,Kaikaku/epicure-chem,2461ef3fbafab36d2b1111187a3df98721146861,panel_1,fb-executable-substitution-047,substitution,0.5385509227614491,0.5372043789712933,False,1,1,54.51446428571428,39.81303571428572
chem,Kaikaku/epicure-chem,2461ef3fbafab36d2b1111187a3df98721146861,panel_1,fb-executable-substitution-053,substitution,0.13182043440807778,0.2220473689529587,False,1,1,33.67321428571429,58.207857142857144
chem,Kaikaku/epicure-chem,2461ef3fbafab36d2b1111187a3df98721146861,panel_1,fb-executable-substitution-118,substitution,0.6147063347844665,0.6863521538108097,False,1,1,43.581964285714285,43.440535714285716
chem,Kaikaku/epicure-chem,2461ef3fbafab36d2b1111187a3df98721146861,panel_1,fb-executable-substitution-146,substitution,0.9056203969264313,0.9351162951557591,True,1,1,35.24053571428571,39.99785714285714
chem,Kaikaku/epicure-chem,2461ef3fbafab36d2b1111187a3df98721146861,panel_1,fb-executable-substitution-150,substitution,0.5632262474367737,0.5873273997765532,False,1,1,55.044464285714284,44.674285714285716
chem,Kaikaku/epicure-chem,2461ef3fbafab36d2b1111187a3df98721146861,panel_1,fb-executable-substitution-055,substitution,0.4127819548872181,0.4312200466122882,False,1,1,46.03,53.72785714285715
chem,Kaikaku/epicure-chem,2461ef3fbafab36d2b1111187a3df98721146861,panel_1,fb-executable-substitution-139,substitution,0.8443897604155985,0.9034783888661985,False,1,1,40.77571428571429,38.43071428571429
chem,Kaikaku/epicure-chem,2461ef3fbafab36d2b1111187a3df98721146861,panel_1,fb-executable-substitution-052,substitution,0.3714285714285715,0.36589690305034595,False,1,1,54.38,43.88392857142857
chem,Kaikaku/epicure-chem,2461ef3fbafab36d2b1111187a3df98721146861,panel_1,fb-executable-substitution-038,substitution,0.15727956254272046,0.15927822791918791,False,1,1,56.087857142857146,49.05321428571428
chem,Kaikaku/epicure-chem,2461ef3fbafab36d2b1111187a3df98721146861,panel_1,fb-executable-substitution-030,substitution,0.5544524001561437,0.5470619014159372,False,1,1,50.65464285714285,41.99053571428571
chem,Kaikaku/epicure-chem,2461ef3fbafab36d2b1111187a3df98721146861,panel_1,fb-executable-substitution-123,substitution,0.7340396445659604,0.7200718285581732,False,1,1,45.39839285714285,43.92857142857143
chem,Kaikaku/epicure-chem,2461ef3fbafab36d2b1111187a3df98721146861,panel_1,fb-executable-substitution-026,substitution,-0.05960355434039644,-0.08076309125438381,False,1,1,39.42803571428571,44.79357142857143
chem,Kaikaku/epicure-chem,2461ef3fbafab36d2b1111187a3df98721146861,panel_1,fb-executable-substitution-081,substitution,0.5285714285714286,0.5484007394965591,False,1,1,43.53803571428571,46.785
chem,Kaikaku/epicure-chem,2461ef3fbafab36d2b1111187a3df98721146861,panel_1,fb-executable-substitution-009,substitution,0.5748902066835044,0.6375033984241218,False,1,1,39.19125,43.93
chem,Kaikaku/epicure-chem,2461ef3fbafab36d2b1111187a3df98721146861,panel_1,fb-executable-substitution-059,substitution,0.8352016404647984,0.8466300498868169,False,1,1,44.349642857142854,40.39142857142858
chem,Kaikaku/epicure-chem,2461ef3fbafab36d2b1111187a3df98721146861,panel_1,fb-executable-substitution-033,substitution,0.4854408749145592,0.5124641632285877,True,1,1,41.83875,42.59875
chem,Kaikaku/epicure-chem,2461ef3fbafab36d2b1111187a3df98721146861,panel_1,fb-executable-substitution-062,substitution,0.7712918660287083,0.7723313269125952,True,1,1,44.3725,43.15982142857143
chem,Kaikaku/epicure-chem,2461ef3fbafab36d2b1111187a3df98721146861,panel_1,fb-executable-substitution-133,substitution,0.8901040688939533,0.8965152371699795,False,1,1,41.20446428571429,40.93160714285714
chem,Kaikaku/epicure-chem,2461ef3fbafab36d2b1111187a3df98721146861,panel_1,fb-executable-substitution-154,substitution,0.872263709350003,0.8794591097576753,True,1,1,43.47517857142857,44.840714285714284
chem,Kaikaku/epicure-chem,2461ef3fbafab36d2b1111187a3df98721146861,panel_1,fb-executable-substitution-045,substitution,0.6605604921394395,0.7255794776111798,False,1,1,46.54857142857143,48.48410714285715
chem,Kaikaku/epicure-chem,2461ef3fbafab36d2b1111187a3df98721146861,panel_1,fb-executable-substitution-140,substitution,0.7351584132254331,0.7459702918121073,False,1,1,44.18053571428572,43.17035714285715
chem,Kaikaku/epicure-chem,2461ef3fbafab36d2b1111187a3df98721146861,panel_1,fb-executable-substitution-093,substitution,0.9161995898838005,0.9258492517174375,True,1,1,42.60517857142857,42.91410714285715
chem,Kaikaku/epicure-chem,2461ef3fbafab36d2b1111187a3df98721146861,panel_1,fb-executable-substitution-102,substitution,0.8370471633629529,0.8492821565601775,True,1,1,48.00928571428572,41.79732142857143
chem,Kaikaku/epicure-chem,2461ef3fbafab36d2b1111187a3df98721146861,panel_1,fb-executable-substitution-084,substitution,0.1678742310321258,0.16606639775582344,False,1,1,37.63285714285714,34.872321428571425
chem,Kaikaku/epicure-chem,2461ef3fbafab36d2b1111187a3df98721146861,panel_1,fb-executable-substitution-160,substitution,0.9551769512151823,0.9604940015745969,False,1,1,41.885535714285716,37.191607142857144
chem,Kaikaku/epicure-chem,2461ef3fbafab36d2b1111187a3df98721146861,panel_1,fb-executable-substitution-153,substitution,0.8958988380041012,0.9131695531612712,True,1,1,45.083214285714284,38.34553571428572
chem,Kaikaku/epicure-chem,2461ef3fbafab36d2b1111187a3df98721146861,panel_1,fb-executable-substitution-064,substitution,0.2154477101845523,0.20529685804691475,False,1,1,40.41357142857143,40.29089285714286
chem,Kaikaku/epicure-chem,2461ef3fbafab36d2b1111187a3df98721146861,panel_1,fb-executable-substitution-134,substitution,0.771749346478819,0.7551209666680251,False,1,1,44.41517857142857,44.74964285714285
chem,Kaikaku/epicure-chem,2461ef3fbafab36d2b1111187a3df98721146861,panel_1,fb-executable-substitution-126,substitution,0.829665071770335,0.8718769543353266,True,1,1,42.55642857142857,45.32232142857143
chem,Kaikaku/epicure-chem,2461ef3fbafab36d2b1111187a3df98721146861,panel_1,fb-executable-substitution-073,substitution,0.8103212576896788,0.8854585397096163,False,1,1,50.29357142857143,45.68696428571428
chem,Kaikaku/epicure-chem,2461ef3fbafab36d2b1111187a3df98721146861,panel_1,fb-executable-substitution-003,substitution,-0.020984278879015723,-0.01967968396948667,False,1,1,37.080535714285716,45.87017857142857
chem,Kaikaku/epicure-chem,2461ef3fbafab36d2b1111187a3df98721146861,panel_1,fb-executable-substitution-152,substitution,0.6660400896408141,0.7189486241353712,True,1,1,42.135892857142856,44.84428571428572
chem,Kaikaku/epicure-chem,2461ef3fbafab36d2b1111187a3df98721146861,panel_1,fb-executable-substitution-151,substitution,0.8617908407382092,0.8638767725298855,True,1,1,40.87392857142857,44.74267857142857
chem,Kaikaku/epicure-chem,2461ef3fbafab36d2b1111187a3df98721146861,panel_1,fb-executable-substitution-107,substitution,0.8281554398356796,0.861118473151903,True,1,1,40.25089285714286,40.34267857142857
chem,Kaikaku/epicure-chem,2461ef3fbafab36d2b1111187a3df98721146861,panel_1,fb-executable-substitution-097,substitution,0.6819548872180451,0.7177689638805074,False,1,1,44.3925,38.82678571428571
chem,Kaikaku/epicure-chem,2461ef3fbafab36d2b1111187a3df98721146861,panel_1,fb-executable-substitution-112,substitution,0.6793574846206425,0.6670417413441557,False,1,1,44.502857142857145,39.192321428571425
chem,Kaikaku/epicure-chem,2461ef3fbafab36d2b1111187a3df98721146861,panel_1,fb-executable-substitution-117,substitution,0.7299384825700616,0.7439364712128733,False,1,1,48.21517857142857,42.309464285714284
chem,Kaikaku/epicure-chem,2461ef3fbafab36d2b1111187a3df98721146861,panel_1,fb-executable-substitution-116,substitution,0.6711780994384497,0.6844627831092928,False,1,1,49.28910714285715,47.67196428571428
chem,Kaikaku/epicure-chem,2461ef3fbafab36d2b1111187a3df98721146861,panel_1,fb-executable-substitution-131,substitution,0.5200273410799726,0.5799580079839834,False,1,1,45.27625,47.746607142857144
chem,Kaikaku/epicure-chem,2461ef3fbafab36d2b1111187a3df98721146861,panel_1,fb-executable-substitution-005,substitution,0.48978964104282163,0.4531892268728308,False,1,1,50.979464285714286,54.86892857142857
chem,Kaikaku/epicure-chem,2461ef3fbafab36d2b1111187a3df98721146861,panel_1,fb-executable-substitution-067,substitution,0.685850991114149,0.732097299468507,False,1,1,42.12339285714285,45.07232142857143
chem,Kaikaku/epicure-chem,2461ef3fbafab36d2b1111187a3df98721146861,panel_1,fb-executable-substitution-159,substitution,0.6725678840333323,0.6690674463733355,False,1,1,45.597142857142856,41.44232142857143
chem,Kaikaku/epicure-chem,2461ef3fbafab36d2b1111187a3df98721146861,panel_1,fb-executable-substitution-114,substitution,0.7257006151742994,0.7177079233436818,False,1,1,48.393571428571434,41.83714285714285
chem,Kaikaku/epicure-chem,2461ef3fbafab36d2b1111187a3df98721146861,panel_1,fb-executable-substitution-050,substitution,0.7480519480519481,0.7586913466306053,False,1,1,54.71,47.39392857142857
chem,Kaikaku/epicure-chem,2461ef3fbafab36d2b1111187a3df98721146861,panel_1,fb-executable-substitution-090,substitution,0.5544771018455229,0.6442310069147992,False,1,1,46.6125,35.239821428571425
chem,Kaikaku/epicure-chem,2461ef3fbafab36d2b1111187a3df98721146861,panel_1,fb-executable-substitution-148,substitution,0.44237867395762137,0.49871268162152443,False,1,1,46.71946428571428,50.6625
chem,Kaikaku/epicure-chem,2461ef3fbafab36d2b1111187a3df98721146861,panel_1,fb-executable-substitution-110,substitution,0.36637047163362957,0.36188421329973613,False,1,1,48.66625,50.63321428571428
chem,Kaikaku/epicure-chem,2461ef3fbafab36d2b1111187a3df98721146861,panel_1,fb-executable-pairing-047,pairing,0.6611756664388243,0.6734689446383083,False,1,1,41.83017857142857,48.707857142857144
chem,Kaikaku/epicure-chem,2461ef3fbafab36d2b1111187a3df98721146861,panel_1,fb-executable-pairing-076,pairing,0.6222146274777854,0.6588425889441969,False,1,1,46.45875,51.27928571428571
chem,Kaikaku/epicure-chem,2461ef3fbafab36d2b1111187a3df98721146861,panel_1,fb-executable-pairing-028,pairing,0.47662337662337667,0.47461851746089007,False,1,1,50.85142857142857,45.51428571428571
chem,Kaikaku/epicure-chem,2461ef3fbafab36d2b1111187a3df98721146861,panel_1,fb-executable-pairing-135,pairing,0.6548984091593432,0.6633197126047266,False,1,1,43.23482142857143,39.020892857142854
chem,Kaikaku/epicure-chem,2461ef3fbafab36d2b1111187a3df98721146861,panel_1,fb-executable-pairing-033,pairing,0.5708817498291183,0.6519737326778066,False,1,1,46.89375,42.07535714285714
chem,Kaikaku/epicure-chem,2461ef3fbafab36d2b1111187a3df98721146861,panel_1,fb-executable-pairing-046,pairing,0.5370996961337833,0.49557940570005404,False,1,1,43.369821428571434,36.49232142857143
chem,Kaikaku/epicure-chem,2461ef3fbafab36d2b1111187a3df98721146861,panel_1,fb-executable-pairing-015,pairing,0.20205403376213532,0.18243142522634814,False,1,1,44.485,43.77392857142857
chem,Kaikaku/epicure-chem,2461ef3fbafab36d2b1111187a3df98721146861,panel_1,fb-executable-pairing-101,pairing,0.4492139439507861,0.460034252669959,False,1,1,42.52303571428572,48.895535714285714
chem,Kaikaku/epicure-chem,2461ef3fbafab36d2b1111187a3df98721146861,panel_1,fb-executable-pairing-147,pairing,0.48865345181134656,0.4742452356233782,True,1,1,43.78678571428571,46.655
chem,Kaikaku/epicure-chem,2461ef3fbafab36d2b1111187a3df98721146861,panel_1,fb-executable-pairing-080,pairing,0.34839371155160637,0.34598646932707355,False,1,1,46.972142857142856,46.65821428571429
chem,Kaikaku/epicure-chem,2461ef3fbafab36d2b1111187a3df98721146861,panel_1,fb-executable-pairing-007,pairing,0.5211893369788106,0.47090098434719013,False,1,1,50.71803571428572,46.35910714285715
chem,Kaikaku/epicure-chem,2461ef3fbafab36d2b1111187a3df98721146861,panel_1,fb-executable-pairing-152,pairing,0.7277978093647957,0.7898472806047605,True,1,1,42.362321428571434,35.674464285714286
chem,Kaikaku/epicure-chem,2461ef3fbafab36d2b1111187a3df98721146861,panel_1,fb-executable-pairing-148,pairing,0.6831852358168149,0.6958657200102045,True,1,1,37.13196428571428,46.18553571428571
chem,Kaikaku/epicure-chem,2461ef3fbafab36d2b1111187a3df98721146861,panel_1,fb-executable-pairing-094,pairing,0.5450444292549557,0.5825971577016313,False,1,1,40.34553571428572,47.50214285714285
chem,Kaikaku/epicure-chem,2461ef3fbafab36d2b1111187a3df98721146861,panel_1,fb-executable-pairing-079,pairing,0.7401230348598771,0.7580658354130662,True,1,1,45.86821428571429,46.924464285714286
chem,Kaikaku/epicure-chem,2461ef3fbafab36d2b1111187a3df98721146861,panel_1,fb-executable-pairing-086,pairing,0.545053743308277,0.5326446121546301,False,1,1,49.98482142857143,40.25910714285714
chem,Kaikaku/epicure-chem,2461ef3fbafab36d2b1111187a3df98721146861,panel_1,fb-executable-pairing-133,pairing,0.7077238550922762,0.7706637247153965,False,1,1,37.77964285714286,44.72875
chem,Kaikaku/epicure-chem,2461ef3fbafab36d2b1111187a3df98721146861,panel_1,fb-executable-pairing-157,pairing,0.47786189107952914,0.5107218859059969,False,1,1,46.55321428571428,36.096785714285716
chem,Kaikaku/epicure-chem,2461ef3fbafab36d2b1111187a3df98721146861,panel_1,fb-executable-pairing-143,pairing,0.6444976076555025,0.6569411526632486,False,1,1,42.08,46.965357142857144
chem,Kaikaku/epicure-chem,2461ef3fbafab36d2b1111187a3df98721146861,panel_1,fb-executable-pairing-160,pairing,0.41959021862275636,0.5319775613011154,False,1,1,36.70428571428572,36.93196428571429
chem,Kaikaku/epicure-chem,2461ef3fbafab36d2b1111187a3df98721146861,panel_1,fb-executable-pairing-142,pairing,0.7332877648667122,0.7833849484131027,False,1,1,46.33767857142857,40.879821428571425
chem,Kaikaku/epicure-chem,2461ef3fbafab36d2b1111187a3df98721146861,panel_1,fb-executable-pairing-081,pairing,0.8565276828434722,0.8331727568354428,False,1,1,50.24125,40.501428571428576
chem,Kaikaku/epicure-chem,2461ef3fbafab36d2b1111187a3df98721146861,panel_1,fb-executable-pairing-155,pairing,0.72946001367054,0.7610009591409773,True,1,1,39.13160714285714,41.01875
chem,Kaikaku/epicure-chem,2461ef3fbafab36d2b1111187a3df98721146861,panel_1,fb-executable-pairing-041,pairing,0.6855092276144908,0.7407584424262176,False,1,1,46.176964285714284,40.326071428571424
chem,Kaikaku/epicure-chem,2461ef3fbafab36d2b1111187a3df98721146861,panel_1,fb-executable-pairing-153,pairing,0.8844839371155161,0.8954342149858269,False,1,1,44.99214285714285,47.88410714285715
chem,Kaikaku/epicure-chem,2461ef3fbafab36d2b1111187a3df98721146861,panel_1,fb-executable-pairing-066,pairing,0.3486671223513329,0.45623774502347464,False,1,1,45.44303571428571,41.855
chem,Kaikaku/epicure-chem,2461ef3fbafab36d2b1111187a3df98721146861,panel_1,fb-executable-pairing-055,pairing,-0.09268626110731375,-0.025472871456757855,False,1,1,50.035,47.54071428571429
chem,Kaikaku/epicure-chem,2461ef3fbafab36d2b1111187a3df98721146861,panel_1,fb-executable-pairing-003,pairing,0.6415584415584417,0.6351376548968429,False,1,1,48.755,42.65232142857143
chem,Kaikaku/epicure-chem,2461ef3fbafab36d2b1111187a3df98721146861,panel_1,fb-executable-pairing-078,pairing,0.5411483253588517,0.5693573527210024,True,1,1,43.87446428571428,46.34857142857143
chem,Kaikaku/epicure-chem,2461ef3fbafab36d2b1111187a3df98721146861,panel_1,fb-executable-pairing-159,pairing,0.9018455228981545,0.9060584790045297,True,1,1,35.348214285714285,41.70428571428572
chem,Kaikaku/epicure-chem,2461ef3fbafab36d2b1111187a3df98721146861,panel_1,fb-executable-pairing-151,pairing,0.49870129870129876,0.47942426147796896,False,1,1,45.14875,39.308928571428574
chem,Kaikaku/epicure-chem,2461ef3fbafab36d2b1111187a3df98721146861,panel_1,fb-executable-pairing-032,pairing,0.5788889079605968,0.6014615903461581,False,1,1,44.380178571428566,38.15571428571428
chem,Kaikaku/epicure-chem,2461ef3fbafab36d2b1111187a3df98721146861,panel_1,fb-executable-pairing-054,pairing,0.7762132604237868,0.8014571627018631,False,1,1,56.558214285714286,54.69
chem,Kaikaku/epicure-chem,2461ef3fbafab36d2b1111187a3df98721146861,panel_1,fb-executable-pairing-121,pairing,0.9183868762816132,0.9306294684243432,True,1,1,50.07053571428572,45.51839285714286
chem,Kaikaku/epicure-chem,2461ef3fbafab36d2b1111187a3df98721146861,panel_1,fb-executable-pairing-111,pairing,0.9352699931647301,0.9342336420291686,True,1,1,49.91857142857143,49.863214285714285
chem,Kaikaku/epicure-chem,2461ef3fbafab36d2b1111187a3df98721146861,panel_1,fb-executable-pairing-120,pairing,0.8972965583239345,0.8882820834085164,False,1,1,46.002857142857145,35.69428571428571
chem,Kaikaku/epicure-chem,2461ef3fbafab36d2b1111187a3df98721146861,panel_1,fb-executable-pairing-084,pairing,0.5064251537935748,0.52242519459884,False,1,1,49.21035714285715,41.23571428571429
chem,Kaikaku/epicure-chem,2461ef3fbafab36d2b1111187a3df98721146861,panel_1,fb-executable-pairing-145,pairing,0.8550922761449077,0.8858876543090706,False,1,1,38.89892857142857,42.832678571428566
chem,Kaikaku/epicure-chem,2461ef3fbafab36d2b1111187a3df98721146861,panel_1,fb-executable-pairing-058,pairing,0.5752563226247437,0.5765726900928202,False,1,1,44.54714285714285,42.40767857142857
chem,Kaikaku/epicure-chem,2461ef3fbafab36d2b1111187a3df98721146861,panel_1,fb-executable-pairing-126,pairing,0.8099794941900206,0.8662547894641783,True,1,1,39.82535714285714,36.8425
chem,Kaikaku/epicure-chem,2461ef3fbafab36d2b1111187a3df98721146861,panel_1,fb-executable-pairing-103,pairing,0.797676008202324,0.8096812824567151,False,1,1,39.83482142857142,42.96178571428572
chem,Kaikaku/epicure-chem,2461ef3fbafab36d2b1111187a3df98721146861,panel_1,fb-executable-pairing-141,pairing,0.7011619958988381,0.7316578230202622,True,1,1,46.975,49.817678571428566
chem,Kaikaku/epicure-chem,2461ef3fbafab36d2b1111187a3df98721146861,panel_1,fb-executable-pairing-022,pairing,0.6308954203691046,0.6287507039436548,False,1,1,43.73553571428572,35.31482142857143
chem,Kaikaku/epicure-chem,2461ef3fbafab36d2b1111187a3df98721146861,panel_1,fb-executable-pairing-014,pairing,0.8411626994170626,0.8604432484728026,False,1,1,38.59964285714286,40.161964285714284
chem,Kaikaku/epicure-chem,2461ef3fbafab36d2b1111187a3df98721146861,panel_1,fb-executable-pairing-069,pairing,0.5580997949419002,0.5472072401018478,True,1,1,46.10107142857143,48.966428571428565
chem,Kaikaku/epicure-chem,2461ef3fbafab36d2b1111187a3df98721146861,panel_1,fb-executable-pairing-098,pairing,0.7887145835469428,0.7733450952664974,False,1,1,45.32803571428572,45.14839285714285
chem,Kaikaku/epicure-chem,2461ef3fbafab36d2b1111187a3df98721146861,panel_1,fb-executable-pairing-073,pairing,0.49514695830485306,0.4901102643401461,False,1,1,39.848392857142855,33.54910714285714
chem,Kaikaku/epicure-chem,2461ef3fbafab36d2b1111187a3df98721146861,panel_1,fb-executable-pairing-024,pairing,0.7738892686261108,0.7678807164738145,True,1,1,34.69446428571428,49.10214285714285
chem,Kaikaku/epicure-chem,2461ef3fbafab36d2b1111187a3df98721146861,panel_1,fb-executable-pairing-106,pairing,0.3869446343130554,0.40318542590135015,False,1,1,41.020714285714284,46.6975
chem,Kaikaku/epicure-chem,2461ef3fbafab36d2b1111187a3df98721146861,panel_1,fb-executable-pairing-004,pairing,0.04347306003813196,0.0731051929795284,False,1,1,39.27196428571428,41.581785714285715
chem,Kaikaku/epicure-chem,2461ef3fbafab36d2b1111187a3df98721146861,panel_1,fb-executable-pairing-072,pairing,0.24757347915242653,0.31142070079730794,False,1,1,45.65428571428571,46.12625
chem,Kaikaku/epicure-chem,2461ef3fbafab36d2b1111187a3df98721146861,panel_1,fb-executable-pairing-053,pairing,0.6128503075871496,0.6219475300163225,False,1,1,46.94625,37.861428571428576
chem,Kaikaku/epicure-chem,2461ef3fbafab36d2b1111187a3df98721146861,panel_1,fb-executable-pairing-035,pairing,0.09371315300672785,0.09493313338258975,False,1,1,45.060178571428565,51.54553571428571
chem,Kaikaku/epicure-chem,2461ef3fbafab36d2b1111187a3df98721146861,panel_1,fb-executable-pairing-010,pairing,0.13820915926179084,0.17667166423161446,False,1,1,38.94732142857143,44.58464285714285
chem,Kaikaku/epicure-chem,2461ef3fbafab36d2b1111187a3df98721146861,panel_1,fb-executable-pairing-060,pairing,0.5357484620642515,0.6613043004360183,True,1,1,43.22053571428572,35.95392857142858
chem,Kaikaku/epicure-chem,2461ef3fbafab36d2b1111187a3df98721146861,panel_1,fb-executable-pairing-016,pairing,0.604853041695147,0.5986563908876094,False,1,1,45.63375,43.86071428571429
chem,Kaikaku/epicure-chem,2461ef3fbafab36d2b1111187a3df98721146861,panel_1,fb-executable-pairing-107,pairing,0.5796749774424184,0.48168585975523165,False,1,1,40.668214285714285,32.72625
chem,Kaikaku/epicure-chem,2461ef3fbafab36d2b1111187a3df98721146861,panel_1,fb-executable-pairing-144,pairing,0.13592166648714685,0.151298649449114,False,1,1,40.355,47.450892857142854
chem,Kaikaku/epicure-chem,2461ef3fbafab36d2b1111187a3df98721146861,panel_1,fb-executable-pairing-009,pairing,0.7181134654818866,0.7328264009568585,False,1,1,53.82107142857143,40.74196428571428
chem,Kaikaku/epicure-chem,2461ef3fbafab36d2b1111187a3df98721146861,panel_1,fb-executable-pairing-110,pairing,0.5899521531100478,0.5927808146183787,False,1,1,50.24142857142857,47.221785714285716
chem,Kaikaku/epicure-chem,2461ef3fbafab36d2b1111187a3df98721146861,panel_1,fb-executable-pairing-140,pairing,0.17751196172248807,0.2148312254780917,True,1,1,45.38267857142857,41.83696428571429
chem,Kaikaku/epicure-chem,2461ef3fbafab36d2b1111187a3df98721146861,panel_1,fb-executable-pairing-052,pairing,0.5927546138072454,0.6133031356012851,False,1,1,45.16303571428571,44.589285714285715
chem,Kaikaku/epicure-chem,2461ef3fbafab36d2b1111187a3df98721146861,panel_1,fb-executable-pairing-019,pairing,0.39785368860369036,0.32159594510168765,False,1,1,44.40017857142857,42.20321428571428
chem,Kaikaku/epicure-chem,2461ef3fbafab36d2b1111187a3df98721146861,panel_1,fb-executable-pairing-097,pairing,0.7507177033492823,0.7410790546733972,False,1,1,44.70517857142857,38.855892857142855
chem,Kaikaku/epicure-chem,2461ef3fbafab36d2b1111187a3df98721146861,panel_1,fb-executable-pairing-092,pairing,0.8766917293233083,0.860417241346857,False,1,1,49.49910714285715,41.638035714285714
chem,Kaikaku/epicure-chem,2461ef3fbafab36d2b1111187a3df98721146861,panel_1,fb-executable-pairing-045,pairing,0.4032125768967874,0.42217139769333534,False,1,1,40.895,57.308214285714286
chem,Kaikaku/epicure-chem,2461ef3fbafab36d2b1111187a3df98721146861,panel_1,fb-executable-pairing-071,pairing,0.6453178400546823,0.6501004393725437,False,1,1,39.230714285714285,40.769642857142856
chem,Kaikaku/epicure-chem,2461ef3fbafab36d2b1111187a3df98721146861,panel_1,fb-executable-pairing-131,pairing,0.5884483937115518,0.6015420723765059,False,1,1,51.65625,51.61214285714286
chem,Kaikaku/epicure-chem,2461ef3fbafab36d2b1111187a3df98721146861,panel_1,fb-executable-pairing-093,pairing,0.562406015037594,0.5626784696659284,False,1,1,43.93071428571429,43.025357142857146
chem,Kaikaku/epicure-chem,2461ef3fbafab36d2b1111187a3df98721146861,panel_1,fb-executable-pairing-116,pairing,0.7601975427894411,0.7878911796614073,True,1,1,41.78392857142857,40.92071428571428
chem,Kaikaku/epicure-chem,2461ef3fbafab36d2b1111187a3df98721146861,panel_1,fb-executable-pairing-029,pairing,0.7419685577580315,0.773594412432434,True,1,1,44.52375,38.49482142857143
chem,Kaikaku/epicure-chem,2461ef3fbafab36d2b1111187a3df98721146861,panel_1,fb-executable-pairing-001,pairing,0.6211315983750081,0.6103530976390897,False,1,1,52.025535714285716,39.84321428571428
chem,Kaikaku/epicure-chem,2461ef3fbafab36d2b1111187a3df98721146861,panel_1,fb-executable-pairing-130,pairing,0.8137388926862611,0.8111378365971477,False,1,1,44.60892857142857,49.07785714285715
chem,Kaikaku/epicure-chem,2461ef3fbafab36d2b1111187a3df98721146861,panel_1,fb-executable-pairing-051,pairing,0.7693227841653697,0.8229668692701727,False,1,1,38.447857142857146,37.71892857142857
chem,Kaikaku/epicure-chem,2461ef3fbafab36d2b1111187a3df98721146861,panel_1,fb-executable-pairing-039,pairing,0.10936431989063569,0.12174922053983668,False,1,1,48.64982142857143,38.246428571428574
chem,Kaikaku/epicure-chem,2461ef3fbafab36d2b1111187a3df98721146861,panel_1,fb-executable-pairing-025,pairing,-0.15133287764866712,-0.1386647373345941,False,1,1,52.94446428571428,39.786964285714284
chem,Kaikaku/epicure-chem,2461ef3fbafab36d2b1111187a3df98721146861,panel_1,fb-executable-pairing-124,pairing,0.6545454545454545,0.6847173535979907,False,1,1,38.815892857142856,41.753214285714286
chem,Kaikaku/epicure-chem,2461ef3fbafab36d2b1111187a3df98721146861,panel_1,fb-executable-pairing-026,pairing,0.6639781271360219,0.6744629506547953,False,1,1,43.30303571428571,55.00803571428572
chem,Kaikaku/epicure-chem,2461ef3fbafab36d2b1111187a3df98721146861,panel_1,fb-executable-pairing-043,pairing,0.6573479152426521,0.6714106257929235,False,1,1,43.096607142857145,51.56107142857143
chem,Kaikaku/epicure-chem,2461ef3fbafab36d2b1111187a3df98721146861,panel_1,fb-executable-pairing-006,pairing,0.1702382173006596,0.2558036675902841,False,1,1,44.99946428571428,39.385178571428575
chem,Kaikaku/epicure-chem,2461ef3fbafab36d2b1111187a3df98721146861,panel_1,fb-executable-pairing-083,pairing,0.8639245374558959,0.8962320097853963,True,1,1,37.42803571428571,44.11625
chem,Kaikaku/epicure-chem,2461ef3fbafab36d2b1111187a3df98721146861,panel_1,fb-executable-pairing-017,pairing,-0.015379357484620642,-0.046033306051327515,False,1,1,42.42875,40.05625
chem,Kaikaku/epicure-chem,2461ef3fbafab36d2b1111187a3df98721146861,panel_1,fb-executable-pairing-056,pairing,0.8491062583994727,0.8614119658061471,True,1,1,40.652321428571426,40.622321428571425
chem,Kaikaku/epicure-chem,2461ef3fbafab36d2b1111187a3df98721146861,panel_1,fb-executable-pairing-138,pairing,0.6824333561175667,0.7243230862515151,False,1,1,48.39803571428572,41.37678571428572
chem,Kaikaku/epicure-chem,2461ef3fbafab36d2b1111187a3df98721146861,panel_1,fb-executable-pairing-018,pairing,0.4583048530416952,0.48591866171791764,False,1,1,51.035535714285714,42.20928571428571
chem,Kaikaku/epicure-chem,2461ef3fbafab36d2b1111187a3df98721146861,panel_1,fb-executable-pairing-065,pairing,0.7172029598272005,0.723042677270692,False,1,1,51.129107142857144,40.31214285714286
chem,Kaikaku/epicure-chem,2461ef3fbafab36d2b1111187a3df98721146861,panel_1,fb-executable-pairing-005,pairing,0.3189336978810663,0.3794723292435959,False,1,1,38.840714285714284,46.7675
chem,Kaikaku/epicure-chem,2461ef3fbafab36d2b1111187a3df98721146861,panel_1,fb-executable-pairing-042,pairing,0.8220034861068388,0.8630207017312171,False,1,1,42.45125,41.013035714285714
chem,Kaikaku/epicure-chem,2461ef3fbafab36d2b1111187a3df98721146861,panel_1,fb-executable-pairing-099,pairing,0.540328092959672,0.542597861916181,False,1,1,39.98517857142858,48.442678571428566
chem,Kaikaku/epicure-chem,2461ef3fbafab36d2b1111187a3df98721146861,panel_1,fb-executable-constraint-158,constraint,0.998653500897666,0.8890385727000917,False,1,1,4.451607142857143,3.8719642857142857
chem,Kaikaku/epicure-chem,2461ef3fbafab36d2b1111187a3df98721146861,panel_1,fb-executable-constraint-053,constraint,0.6602333931777377,0.8891496490960805,True,1,1,2.4264285714285716,2.81375
chem,Kaikaku/epicure-chem,2461ef3fbafab36d2b1111187a3df98721146861,panel_1,fb-executable-constraint-103,constraint,0.9995511669658885,0.8473516764054154,False,1,1,3.4205357142857142,3.3276785714285717
chem,Kaikaku/epicure-chem,2461ef3fbafab36d2b1111187a3df98721146861,panel_1,fb-executable-constraint-013,constraint,0.9995511669658885,0.8779569036341689,False,1,1,2.7810714285714284,4.034642857142857
chem,Kaikaku/epicure-chem,2461ef3fbafab36d2b1111187a3df98721146861,panel_1,fb-executable-constraint-095,constraint,0.6723518850987432,0.8211944990072112,False,1,1,3.6505357142857147,4.953571428571428
chem,Kaikaku/epicure-chem,2461ef3fbafab36d2b1111187a3df98721146861,panel_1,fb-executable-constraint-052,constraint,0.998653500897666,0.5343248144896828,False,1,1,3.7439285714285715,3.0
chem,Kaikaku/epicure-chem,2461ef3fbafab36d2b1111187a3df98721146861,panel_1,fb-executable-constraint-004,constraint,0.6602333931777377,0.7317307020583579,True,1,1,3.0560714285714283,3.8014285714285716
chem,Kaikaku/epicure-chem,2461ef3fbafab36d2b1111187a3df98721146861,panel_1,fb-executable-constraint-036,constraint,0.9995511669658885,0.9060985236445229,True,1,1,3.924642857142857,3.8457142857142856
chem,Kaikaku/epicure-chem,2461ef3fbafab36d2b1111187a3df98721146861,panel_1,fb-executable-constraint-128,constraint,0.9995511669658885,0.910250746067877,True,1,1,4.677321428571428,3.748571428571428
chem,Kaikaku/epicure-chem,2461ef3fbafab36d2b1111187a3df98721146861,panel_1,fb-executable-constraint-114,constraint,0.998653500897666,0.4910405796482348,False,1,1,3.01375,2.8994642857142856
chem,Kaikaku/epicure-chem,2461ef3fbafab36d2b1111187a3df98721146861,panel_1,fb-executable-constraint-017,constraint,0.998653500897666,0.4445497722609444,False,1,1,2.239642857142857,3.987142857142857
chem,Kaikaku/epicure-chem,2461ef3fbafab36d2b1111187a3df98721146861,panel_1,fb-executable-constraint-154,constraint,0.6463195691202871,0.3449920060614748,False,1,1,2.0828571428571427,3.7648214285714285
chem,Kaikaku/epicure-chem,2461ef3fbafab36d2b1111187a3df98721146861,panel_1,fb-executable-constraint-150,constraint,0.9995511669658885,0.8342259132543104,False,1,1,3.1191071428571426,3.3035714285714284
chem,Kaikaku/epicure-chem,2461ef3fbafab36d2b1111187a3df98721146861,panel_1,fb-executable-constraint-062,constraint,0.9995511669658885,0.8266377535994001,False,1,1,2.5508928571428573,3.8030357142857145
chem,Kaikaku/epicure-chem,2461ef3fbafab36d2b1111187a3df98721146861,panel_1,fb-executable-constraint-064,constraint,0.6728007181328545,0.8884851344629088,True,1,1,2.4739285714285715,3.8983928571428574
chem,Kaikaku/epicure-chem,2461ef3fbafab36d2b1111187a3df98721146861,panel_1,fb-executable-constraint-088,constraint,0.6728007181328545,0.9842265730788191,True,1,1,2.0028571428571427,2.349285714285714
chem,Kaikaku/epicure-chem,2461ef3fbafab36d2b1111187a3df98721146861,panel_1,fb-executable-constraint-146,constraint,0.9999999999999999,0.9525367172066217,True,1,1,2.8403571428571426,3.5851785714285715
chem,Kaikaku/epicure-chem,2461ef3fbafab36d2b1111187a3df98721146861,panel_1,fb-executable-constraint-009,constraint,0.6467684021543985,0.6634859289827764,False,1,1,4.15375,3.822678571428572
chem,Kaikaku/epicure-chem,2461ef3fbafab36d2b1111187a3df98721146861,panel_1,fb-executable-constraint-071,constraint,0.998653500897666,0.8768186491027048,False,1,1,3.3692857142857147,4.543035714285715
chem,Kaikaku/epicure-chem,2461ef3fbafab36d2b1111187a3df98721146861,panel_1,fb-executable-constraint-066,constraint,0.6463195691202871,0.3191614043248152,False,1,1,4.591964285714286,3.1544642857142855
chem,Kaikaku/epicure-chem,2461ef3fbafab36d2b1111187a3df98721146861,panel_1,fb-executable-constraint-133,constraint,0.6350987432675045,0.15100484027335734,False,1,1,3.052142857142857,2.319642857142857
chem,Kaikaku/epicure-chem,2461ef3fbafab36d2b1111187a3df98721146861,panel_1,fb-executable-constraint-125,constraint,0.6602333931777377,0.7393247184022793,True,1,1,4.453392857142857,4.508214285714286
chem,Kaikaku/epicure-chem,2461ef3fbafab36d2b1111187a3df98721146861,panel_1,fb-executable-constraint-143,constraint,0.6593357271095152,0.49151927055180356,False,1,1,2.94375,4.3675
chem,Kaikaku/epicure-chem,2461ef3fbafab36d2b1111187a3df98721146861,panel_1,fb-executable-constraint-074,constraint,0.6350987432675045,0.6803651990496286,False,1,1,2.876071428571428,5.138392857142857
chem,Kaikaku/epicure-chem,2461ef3fbafab36d2b1111187a3df98721146861,panel_1,fb-executable-constraint-029,constraint,0.6723518850987432,0.7965106404827098,False,1,1,3.1328571428571426,3.7703571428571427
chem,Kaikaku/epicure-chem,2461ef3fbafab36d2b1111187a3df98721146861,panel_1,fb-executable-constraint-007,constraint,0.998653500897666,0.7377472173388971,False,1,1,3.9433928571428574,4.058035714285714
chem,Kaikaku/epicure-chem,2461ef3fbafab36d2b1111187a3df98721146861,panel_1,fb-executable-constraint-132,constraint,0.9995511669658885,0.9602119642130742,False,1,1,4.445892857142857,3.5592857142857146
chem,Kaikaku/epicure-chem,2461ef3fbafab36d2b1111187a3df98721146861,panel_1,fb-executable-constraint-087,constraint,0.9995511669658885,0.8568863711009784,True,1,1,3.4951785714285717,3.205357142857143
chem,Kaikaku/epicure-chem,2461ef3fbafab36d2b1111187a3df98721146861,panel_1,fb-executable-constraint-105,constraint,0.6472172351885097,0.5312419389443904,False,1,1,3.6769642857142855,4.084821428571428
chem,Kaikaku/epicure-chem,2461ef3fbafab36d2b1111187a3df98721146861,panel_1,fb-executable-constraint-058,constraint,0.9995511669658885,0.8510681890933041,False,1,1,3.3548214285714284,3.635
chem,Kaikaku/epicure-chem,2461ef3fbafab36d2b1111187a3df98721146861,panel_1,fb-executable-constraint-144,constraint,0.6602333931777377,0.7474911996709418,True,1,1,3.6414285714285715,4.840892857142857
chem,Kaikaku/epicure-chem,2461ef3fbafab36d2b1111187a3df98721146861,panel_1,fb-executable-constraint-106,constraint,0.6602333931777377,0.7622176107904531,True,1,1,3.2569642857142855,4.154464285714286
chem,Kaikaku/epicure-chem,2461ef3fbafab36d2b1111187a3df98721146861,panel_1,fb-executable-constraint-097,constraint,0.6723518850987432,0.8491126799474427,False,1,1,4.159642857142857,4.650714285714286
chem,Kaikaku/epicure-chem,2461ef3fbafab36d2b1111187a3df98721146861,panel_1,fb-executable-constraint-003,constraint,0.6472172351885097,0.548177980785645,False,1,1,4.8167857142857144,4.1119642857142855
chem,Kaikaku/epicure-chem,2461ef3fbafab36d2b1111187a3df98721146861,panel_1,fb-executable-constraint-010,constraint,0.6593357271095152,0.4461211507485663,False,1,1,3.5658928571428574,3.48375
chem,Kaikaku/epicure-chem,2461ef3fbafab36d2b1111187a3df98721146861,panel_1,fb-executable-constraint-078,constraint,0.6467684021543985,0.6016018703265765,False,1,1,4.052678571428571,3.7435714285714283
chem,Kaikaku/epicure-chem,2461ef3fbafab36d2b1111187a3df98721146861,panel_1,fb-executable-constraint-045,constraint,0.9995511669658885,0.6982889316520293,False,1,1,2.280357142857143,4.274642857142857
chem,Kaikaku/epicure-chem,2461ef3fbafab36d2b1111187a3df98721146861,panel_1,fb-executable-constraint-080,constraint,0.9999999999999999,0.9201513827995531,True,1,1,2.6355357142857145,3.8158928571428574
chem,Kaikaku/epicure-chem,2461ef3fbafab36d2b1111187a3df98721146861,panel_1,fb-executable-constraint-113,constraint,0.6602333931777377,0.9494198921230008,True,1,1,2.3217857142857143,2.574821428571428
chem,Kaikaku/epicure-chem,2461ef3fbafab36d2b1111187a3df98721146861,panel_1,fb-executable-constraint-005,constraint,0.9982046678635548,0.7583942098092549,False,1,1,3.720357142857143,3.927678571428572
chem,Kaikaku/epicure-chem,2461ef3fbafab36d2b1111187a3df98721146861,panel_1,fb-executable-constraint-110,constraint,0.6728007181328545,0.9064327610361259,True,1,1,3.625892857142857,2.7944642857142856
chem,Kaikaku/epicure-chem,2461ef3fbafab36d2b1111187a3df98721146861,panel_1,fb-executable-constraint-069,constraint,0.6220825852782764,0.26396395861694166,False,1,1,4.100535714285715,3.4692857142857143
chem,Kaikaku/epicure-chem,2461ef3fbafab36d2b1111187a3df98721146861,panel_1,fb-executable-constraint-075,constraint,0.6602333931777377,0.8656287470345061,True,1,1,3.645892857142857,2.779642857142857
chem,Kaikaku/epicure-chem,2461ef3fbafab36d2b1111187a3df98721146861,panel_1,fb-executable-constraint-121,constraint,0.6342010771992819,0.20608542294476198,False,1,1,3.1646428571428573,2.431964285714286
chem,Kaikaku/epicure-chem,2461ef3fbafab36d2b1111187a3df98721146861,panel_1,fb-executable-constraint-077,constraint,0.6225314183123878,0.4342356197768056,False,1,1,3.669642857142857,4.809642857142857
chem,Kaikaku/epicure-chem,2461ef3fbafab36d2b1111187a3df98721146861,panel_1,fb-executable-constraint-134,constraint,0.9999999999999999,0.9881489705607381,True,1,1,3.0603571428571428,3.5742857142857143
chem,Kaikaku/epicure-chem,2461ef3fbafab36d2b1111187a3df98721146861,panel_1,fb-executable-constraint-039,constraint,0.6472172351885097,0.41878694005287004,False,1,1,4.6153571428571425,3.2325
chem,Kaikaku/epicure-chem,2461ef3fbafab36d2b1111187a3df98721146861,panel_1,fb-executable-constraint-026,constraint,0.6593357271095152,0.46541951013165134,False,1,1,2.03375,3.8951785714285716
chem,Kaikaku/epicure-chem,2461ef3fbafab36d2b1111187a3df98721146861,panel_1,fb-executable-constraint-031,constraint,0.9995511669658885,0.8903505584796082,False,1,1,3.416071428571428,3.7917857142857145
chem,Kaikaku/epicure-chem,2461ef3fbafab36d2b1111187a3df98721146861,panel_1,fb-executable-constraint-153,constraint,0.6342010771992819,0.27535694749191475,False,1,1,4.166964285714285,2.129642857142857
chem,Kaikaku/epicure-chem,2461ef3fbafab36d2b1111187a3df98721146861,panel_1,fb-executable-constraint-079,constraint,0.6472172351885097,0.11005712270556481,False,1,1,2.149285714285714,3.8298214285714285
chem,Kaikaku/epicure-chem,2461ef3fbafab36d2b1111187a3df98721146861,panel_1,fb-executable-constraint-032,constraint,0.6602333931777377,0.9025862609107527,True,1,1,2.419821428571429,3.3833928571428573
chem,Kaikaku/epicure-chem,2461ef3fbafab36d2b1111187a3df98721146861,panel_1,fb-executable-constraint-059,constraint,0.6602333931777377,0.7056599234357637,True,1,1,4.222678571428571,3.347857142857143
chem,Kaikaku/epicure-chem,2461ef3fbafab36d2b1111187a3df98721146861,panel_1,fb-executable-constraint-084,constraint,0.6225314183123878,0.2740316459265903,False,1,1,3.0919642857142855,3.8403571428571426
chem,Kaikaku/epicure-chem,2461ef3fbafab36d2b1111187a3df98721146861,panel_1,fb-executable-constraint-021,constraint,0.9999999999999999,0.9784050043979455,True,1,1,3.6369642857142854,2.9705357142857145
chem,Kaikaku/epicure-chem,2461ef3fbafab36d2b1111187a3df98721146861,panel_1,fb-executable-constraint-089,constraint,0.998653500897666,0.9441392176577941,False,1,1,4.135178571428572,4.381607142857143
chem,Kaikaku/epicure-chem,2461ef3fbafab36d2b1111187a3df98721146861,panel_1,fb-executable-constraint-040,constraint,0.6463195691202871,0.418677085067288,False,1,1,3.8351785714285715,2.5278571428571426
chem,Kaikaku/epicure-chem,2461ef3fbafab36d2b1111187a3df98721146861,panel_1,fb-executable-constraint-054,constraint,0.6225314183123878,0.30906063476352486,False,1,1,3.2496428571428573,3.287857142857143
chem,Kaikaku/epicure-chem,2461ef3fbafab36d2b1111187a3df98721146861,panel_1,fb-executable-constraint-060,constraint,0.6467684021543985,0.37456031062543427,False,1,1,2.9864285714285717,3.7876785714285717
chem,Kaikaku/epicure-chem,2461ef3fbafab36d2b1111187a3df98721146861,panel_1,fb-executable-constraint-147,constraint,0.6723518850987432,0.8977926797341,False,1,1,2.8105357142857144,4.007321428571428
chem,Kaikaku/epicure-chem,2461ef3fbafab36d2b1111187a3df98721146861,panel_1,fb-executable-constraint-014,constraint,0.6728007181328545,0.9060971993286728,True,1,1,2.8910714285714283,3.75125
chem,Kaikaku/epicure-chem,2461ef3fbafab36d2b1111187a3df98721146861,panel_1,fb-executable-constraint-109,constraint,0.998653500897666,0.7926320762571968,False,1,1,2.9330357142857144,3.3332142857142855
chem,Kaikaku/epicure-chem,2461ef3fbafab36d2b1111187a3df98721146861,panel_1,fb-executable-constraint-023,constraint,0.6593357271095152,0.5888423403113081,False,1,1,4.4025,3.0908928571428573
chem,Kaikaku/epicure-chem,2461ef3fbafab36d2b1111187a3df98721146861,panel_1,fb-executable-constraint-008,constraint,0.6602333931777377,0.8186638408686595,True,1,1,1.9875,3.1614285714285715
chem,Kaikaku/epicure-chem,2461ef3fbafab36d2b1111187a3df98721146861,panel_1,fb-executable-constraint-015,constraint,0.998653500897666,0.9157308894233968,False,1,1,4.095,4.321428571428572
chem,Kaikaku/epicure-chem,2461ef3fbafab36d2b1111187a3df98721146861,panel_1,fb-executable-constraint-033,constraint,0.998653500897666,0.9621965255064298,False,1,1,3.8066071428571426,4.85
chem,Kaikaku/epicure-chem,2461ef3fbafab36d2b1111187a3df98721146861,panel_1,fb-executable-constraint-140,constraint,0.9995511669658885,0.914721647873325,True,1,1,3.782142857142857,3.1896428571428572
chem,Kaikaku/epicure-chem,2461ef3fbafab36d2b1111187a3df98721146861,panel_1,fb-executable-constraint-082,constraint,0.6593357271095152,0.5410949589769494,False,1,1,3.356607142857143,3.177142857142857
chem,Kaikaku/epicure-chem,2461ef3fbafab36d2b1111187a3df98721146861,panel_1,fb-executable-constraint-050,constraint,0.9982046678635548,0.7331912449732951,False,1,1,3.064107142857143,4.3758928571428575
chem,Kaikaku/epicure-chem,2461ef3fbafab36d2b1111187a3df98721146861,panel_1,fb-executable-constraint-151,constraint,0.6463195691202871,0.5842460054037079,False,1,1,4.746607142857143,2.81125
chem,Kaikaku/epicure-chem,2461ef3fbafab36d2b1111187a3df98721146861,panel_1,fb-executable-constraint-138,constraint,0.6350987432675045,0.4305752004487981,False,1,1,3.287857142857143,1.8907142857142858
chem,Kaikaku/epicure-chem,2461ef3fbafab36d2b1111187a3df98721146861,panel_1,fb-executable-constraint-111,constraint,0.6728007181328545,0.907361503884533,True,1,1,2.36875,3.6480357142857143
chem,Kaikaku/epicure-chem,2461ef3fbafab36d2b1111187a3df98721146861,panel_1,fb-executable-constraint-117,constraint,0.6728007181328545,0.9556226287641052,True,1,1,3.237857142857143,2.482142857142857
chem,Kaikaku/epicure-chem,2461ef3fbafab36d2b1111187a3df98721146861,panel_1,fb-executable-constraint-086,constraint,0.6350987432675045,0.5196625953773173,False,1,1,3.4017857142857144,2.657678571428572
chem,Kaikaku/epicure-chem,2461ef3fbafab36d2b1111187a3df98721146861,panel_1,fb-executable-constraint-085,constraint,0.998653500897666,0.8230196176874467,False,1,1,3.3619642857142855,4.191607142857142
chem,Kaikaku/epicure-chem,2461ef3fbafab36d2b1111187a3df98721146861,panel_1,fb-executable-constraint-142,constraint,0.6593357271095152,0.6643840074351053,False,1,1,4.307142857142857,3.3723214285714285
chem,Kaikaku/epicure-chem,2461ef3fbafab36d2b1111187a3df98721146861,panel_1,fb-executable-constraint-049,constraint,0.6728007181328545,0.8448537435679704,True,1,1,3.2192857142857143,4.227321428571428
chem,Kaikaku/epicure-chem,2461ef3fbafab36d2b1111187a3df98721146861,panel_1,fb-executable-constraint-136,constraint,0.998653500897666,0.7716978526650301,False,1,1,4.542321428571428,2.8325
chem,Kaikaku/epicure-chem,2461ef3fbafab36d2b1111187a3df98721146861,panel_1,fb-executable-constraint-020,constraint,0.9995511669658885,0.7774374197540507,False,1,1,3.9869642857142855,2.300535714285714
chem,Kaikaku/epicure-chem,2461ef3fbafab36d2b1111187a3df98721146861,panel_1,fb-executable-constraint-107,constraint,0.998653500897666,0.9618302558189296,False,1,1,5.198392857142856,4.336071428571429
chem,Kaikaku/epicure-chem,2461ef3fbafab36d2b1111187a3df98721146861,panel_1,fb-executable-constraint-100,constraint,0.6723518850987432,0.8801842632342284,False,1,1,3.36625,2.9751785714285717
chem,Kaikaku/epicure-chem,2461ef3fbafab36d2b1111187a3df98721146861,panel_1,fb-executable-constraint-072,constraint,0.6723518850987432,0.9553062719616361,False,1,1,3.4628571428571426,3.763392857142857
chem,Kaikaku/epicure-chem,2461ef3fbafab36d2b1111187a3df98721146861,panel_1,fb-executable-constraint-112,constraint,0.9999999999999999,0.8772679909720207,True,1,1,3.370892857142857,2.603928571428572
chem,Kaikaku/epicure-chem,2461ef3fbafab36d2b1111187a3df98721146861,panel_1,fb-executable-constraint-145,constraint,0.9999999999999999,0.9067729745743689,True,1,1,2.6476785714285715,3.8416071428571428
chem,Kaikaku/epicure-chem,2461ef3fbafab36d2b1111187a3df98721146861,panel_1,fb-executable-constraint-108,constraint,0.6342010771992819,0.4149610207540935,False,1,1,3.168392857142857,3.6785714285714284
chem,Kaikaku/epicure-chem,2461ef3fbafab36d2b1111187a3df98721146861,panel_1,fb-executable-constraint-115,constraint,0.9999999999999999,0.9596465758069658,True,1,1,3.775,3.0555357142857145
chem,Kaikaku/epicure-chem,2461ef3fbafab36d2b1111187a3df98721146861,panel_1,fb-executable-constraint-157,constraint,0.6602333931777377,0.8559884243399518,True,1,1,3.6455357142857143,3.074642857142857
chem,Kaikaku/epicure-chem,2461ef3fbafab36d2b1111187a3df98721146861,panel_1,fb-executable-constraint-152,constraint,0.9999999999999999,0.9763417933442615,True,1,1,3.90375,3.4169642857142857
chem,Kaikaku/epicure-chem,2461ef3fbafab36d2b1111187a3df98721146861,panel_1,fb-executable-constraint-101,constraint,0.998653500897666,0.6579401811503572,False,1,1,4.841607142857143,2.450357142857143
chem,Kaikaku/epicure-chem,2461ef3fbafab36d2b1111187a3df98721146861,panel_2,fb-executable-rep2-substitution-051,substitution,0.7601291889214566,0.7262538910096462,False,1,1,38.09196428571428,39.67267857142858
chem,Kaikaku/epicure-chem,2461ef3fbafab36d2b1111187a3df98721146861,panel_2,fb-executable-rep2-substitution-070,substitution,0.6107313738892686,0.6333644856292039,False,1,1,50.69553571428572,39.87678571428572
chem,Kaikaku/epicure-chem,2461ef3fbafab36d2b1111187a3df98721146861,panel_2,fb-executable-rep2-substitution-057,substitution,0.7281178445074209,0.7452943786110685,False,1,1,49.40428571428571,46.70107142857143
chem,Kaikaku/epicure-chem,2461ef3fbafab36d2b1111187a3df98721146861,panel_2,fb-executable-rep2-substitution-009,substitution,0.16736444576000958,0.2066246448354249,False,1,1,54.60035714285715,38.72375
chem,Kaikaku/epicure-chem,2461ef3fbafab36d2b1111187a3df98721146861,panel_2,fb-executable-rep2-substitution-116,substitution,0.7287081339712919,0.7422237244487929,False,1,1,42.67053571428571,51.427142857142854
chem,Kaikaku/epicure-chem,2461ef3fbafab36d2b1111187a3df98721146861,panel_2,fb-executable-rep2-substitution-084,substitution,0.37933627259988373,0.48650321051368156,True,1,1,36.45178571428571,37.64053571428572
chem,Kaikaku/epicure-chem,2461ef3fbafab36d2b1111187a3df98721146861,panel_2,fb-executable-rep2-substitution-031,substitution,0.2734201443888175,0.2782626446089091,False,1,1,50.14946428571429,47.47089285714285
chem,Kaikaku/epicure-chem,2461ef3fbafab36d2b1111187a3df98721146861,panel_2,fb-executable-rep2-substitution-005,substitution,0.19514695830485304,0.1851641029191885,False,1,1,46.277857142857144,50.79589285714285
chem,Kaikaku/epicure-chem,2461ef3fbafab36d2b1111187a3df98721146861,panel_2,fb-executable-rep2-substitution-123,substitution,0.9046634427746485,0.9323634101376738,True,1,1,46.208214285714284,39.61375
chem,Kaikaku/epicure-chem,2461ef3fbafab36d2b1111187a3df98721146861,panel_2,fb-executable-rep2-substitution-035,substitution,0.7438140806561859,0.7510693242306962,False,1,1,48.99160714285715,51.12142857142857
chem,Kaikaku/epicure-chem,2461ef3fbafab36d2b1111187a3df98721146861,panel_2,fb-executable-rep2-substitution-050,substitution,0.2531784005468216,0.27569279501903865,False,1,1,46.801785714285714,52.67321428571429
chem,Kaikaku/epicure-chem,2461ef3fbafab36d2b1111187a3df98721146861,panel_2,fb-executable-rep2-substitution-091,substitution,0.8736158578263842,0.8707524706070352,False,1,1,41.081964285714285,48.92321428571429
chem,Kaikaku/epicure-chem,2461ef3fbafab36d2b1111187a3df98721146861,panel_2,fb-executable-rep2-substitution-068,substitution,0.8489695478314364,0.853065504418198,True,1,1,45.019464285714285,44.57839285714285
chem,Kaikaku/epicure-chem,2461ef3fbafab36d2b1111187a3df98721146861,panel_2,fb-executable-rep2-substitution-151,substitution,0.7604237867395761,0.7737806938256887,False,1,1,46.60875,45.714107142857145
chem,Kaikaku/epicure-chem,2461ef3fbafab36d2b1111187a3df98721146861,panel_2,fb-executable-rep2-substitution-080,substitution,0.48277511961722486,0.4266156317640334,True,1,1,40.614285714285714,44.917857142857144
chem,Kaikaku/epicure-chem,2461ef3fbafab36d2b1111187a3df98721146861,panel_2,fb-executable-rep2-substitution-089,substitution,0.9051264524948736,0.914858533636826,True,1,1,38.80267857142857,37.92285714285714
chem,Kaikaku/epicure-chem,2461ef3fbafab36d2b1111187a3df98721146861,panel_2,fb-executable-rep2-substitution-072,substitution,0.3073820915926179,0.3443612397508789,False,1,1,47.981964285714284,56.60660714285714
chem,Kaikaku/epicure-chem,2461ef3fbafab36d2b1111187a3df98721146861,panel_2,fb-executable-rep2-substitution-122,substitution,0.7078605604921394,0.7435373046790418,True,1,1,40.839464285714286,49.68267857142857
chem,Kaikaku/epicure-chem,2461ef3fbafab36d2b1111187a3df98721146861,panel_2,fb-executable-rep2-substitution-125,substitution,0.9064748202762373,0.9062246108973318,False,1,1,46.263214285714284,45.285
chem,Kaikaku/epicure-chem,2461ef3fbafab36d2b1111187a3df98721146861,panel_2,fb-executable-rep2-substitution-023,substitution,0.4226247436773753,0.4447074600481438,False,1,1,42.7925,57.82660714285715
chem,Kaikaku/epicure-chem,2461ef3fbafab36d2b1111187a3df98721146861,panel_2,fb-executable-rep2-substitution-111,substitution,0.273723064343867,0.3386111816648563,False,1,1,41.426964285714284,48.708035714285714
chem,Kaikaku/epicure-chem,2461ef3fbafab36d2b1111187a3df98721146861,panel_2,fb-executable-rep2-substitution-102,substitution,0.8700570764551078,0.8886385738179307,False,1,1,50.59982142857143,49.58392857142857
chem,Kaikaku/epicure-chem,2461ef3fbafab36d2b1111187a3df98721146861,panel_2,fb-executable-rep2-substitution-007,substitution,0.5427887901572113,0.5519763247578526,False,1,1,55.50142857142857,46.59517857142857
chem,Kaikaku/epicure-chem,2461ef3fbafab36d2b1111187a3df98721146861,panel_2,fb-executable-rep2-substitution-014,substitution,0.5544771018455229,0.5841503298580752,False,1,1,49.965714285714284,49.39785714285715
chem,Kaikaku/epicure-chem,2461ef3fbafab36d2b1111187a3df98721146861,panel_2,fb-executable-rep2-substitution-004,substitution,0.18793896002333932,0.2111969733869958,False,1,1,52.130892857142854,46.879464285714285
chem,Kaikaku/epicure-chem,2461ef3fbafab36d2b1111187a3df98721146861,panel_2,fb-executable-rep2-substitution-137,substitution,0.8363636363636364,0.8520278718667956,False,1,1,42.83232142857143,39.253571428571426
chem,Kaikaku/epicure-chem,2461ef3fbafab36d2b1111187a3df98721146861,panel_2,fb-executable-rep2-substitution-138,substitution,0.5373205741626793,0.5576452725691025,False,1,1,39.472678571428574,45.52642857142857
chem,Kaikaku/epicure-chem,2461ef3fbafab36d2b1111187a3df98721146861,panel_2,fb-executable-rep2-substitution-033,substitution,-0.2269993164730007,-0.21357753066075183,False,1,1,51.31464285714285,45.34928571428571
chem,Kaikaku/epicure-chem,2461ef3fbafab36d2b1111187a3df98721146861,panel_2,fb-executable-rep2-substitution-148,substitution,0.7670329295878896,0.7695461885747615,False,1,1,49.69517857142857,46.31964285714285
chem,Kaikaku/epicure-chem,2461ef3fbafab36d2b1111187a3df98721146861,panel_2,fb-executable-rep2-substitution-139,substitution,0.8733424470266575,0.8898300582991349,True,1,1,43.56303571428572,45.43589285714285
chem,Kaikaku/epicure-chem,2461ef3fbafab36d2b1111187a3df98721146861,panel_2,fb-executable-rep2-substitution-130,substitution,0.7585099111414901,0.7660427151433009,False,1,1,51.79410714285714,50.636964285714285
chem,Kaikaku/epicure-chem,2461ef3fbafab36d2b1111187a3df98721146861,panel_2,fb-executable-rep2-substitution-126,substitution,0.8309437961533822,0.8501246735392443,True,1,1,46.55357142857143,46.08410714285715
chem,Kaikaku/epicure-chem,2461ef3fbafab36d2b1111187a3df98721146861,panel_2,fb-executable-rep2-substitution-017,substitution,0.6604350724660865,0.700241292456276,True,1,1,43.745892857142856,40.83553571428572
chem,Kaikaku/epicure-chem,2461ef3fbafab36d2b1111187a3df98721146861,panel_2,fb-executable-rep2-substitution-006,substitution,0.4288863446686462,0.49547719133860907,False,1,1,49.37660714285715,39.91428571428572
chem,Kaikaku/epicure-chem,2461ef3fbafab36d2b1111187a3df98721146861,panel_2,fb-executable-rep2-substitution-063,substitution,0.4221462747778537,0.43603474548258747,False,1,1,39.72714285714286,38.3325
chem,Kaikaku/epicure-chem,2461ef3fbafab36d2b1111187a3df98721146861,panel_2,fb-executable-rep2-substitution-147,substitution,0.8192071086807929,0.8303326920912113,True,1,1,47.24910714285715,46.49892857142857
chem,Kaikaku/epicure-chem,2461ef3fbafab36d2b1111187a3df98721146861,panel_2,fb-executable-rep2-substitution-081,substitution,0.8130350827414474,0.8249583083218186,False,1,1,46.91178571428571,46.28178571428572
chem,Kaikaku/epicure-chem,2461ef3fbafab36d2b1111187a3df98721146861,panel_2,fb-executable-rep2-substitution-078,substitution,0.1948768776237645,0.2227334738585923,False,1,1,48.03125,51.441785714285714
chem,Kaikaku/epicure-chem,2461ef3fbafab36d2b1111187a3df98721146861,panel_2,fb-executable-rep2-substitution-041,substitution,0.7308270676691729,0.7469476872033307,True,1,1,42.72821428571429,44.792321428571434
chem,Kaikaku/epicure-chem,2461ef3fbafab36d2b1111187a3df98721146861,panel_2,fb-executable-rep2-substitution-131,substitution,0.5229665071770335,0.4689512826645506,False,1,1,47.96696428571428,49.37232142857143
chem,Kaikaku/epicure-chem,2461ef3fbafab36d2b1111187a3df98721146861,panel_2,fb-executable-rep2-substitution-144,substitution,0.8852851212010472,0.9007043708378407,False,1,1,48.760357142857146,44.83089285714286
chem,Kaikaku/epicure-chem,2461ef3fbafab36d2b1111187a3df98721146861,panel_2,fb-executable-rep2-substitution-040,substitution,0.7908407382091593,0.8069393821340318,True,1,1,43.57089285714285,44.886785714285715
chem,Kaikaku/epicure-chem,2461ef3fbafab36d2b1111187a3df98721146861,panel_2,fb-executable-rep2-substitution-083,substitution,0.7755297334244703,0.7779938017706111,True,1,1,43.699107142857144,48.64017857142857
chem,Kaikaku/epicure-chem,2461ef3fbafab36d2b1111187a3df98721146861,panel_2,fb-executable-rep2-substitution-027,substitution,0.37532467532467534,0.4283474586756473,False,1,1,43.028035714285714,50.82267857142857
chem,Kaikaku/epicure-chem,2461ef3fbafab36d2b1111187a3df98721146861,panel_2,fb-executable-rep2-substitution-074,substitution,0.4401913875598086,0.4735774700298666,False,1,1,45.22053571428572,46.698214285714286
chem,Kaikaku/epicure-chem,2461ef3fbafab36d2b1111187a3df98721146861,panel_2,fb-executable-rep2-substitution-056,substitution,0.12399179767600818,0.11056102926447445,False,1,1,52.40071428571429,47.3775
chem,Kaikaku/epicure-chem,2461ef3fbafab36d2b1111187a3df98721146861,panel_2,fb-executable-rep2-substitution-025,substitution,0.46452494873547506,0.5192335762663413,False,1,1,46.21946428571428,42.76142857142857
chem,Kaikaku/epicure-chem,2461ef3fbafab36d2b1111187a3df98721146861,panel_2,fb-executable-rep2-substitution-159,substitution,0.6797108632377109,0.6944708331219516,False,1,1,40.191428571428574,39.90107142857143
chem,Kaikaku/epicure-chem,2461ef3fbafab36d2b1111187a3df98721146861,panel_2,fb-executable-rep2-substitution-016,substitution,0.5169096166883252,0.6215777577143853,True,1,1,42.34410714285715,39.12553571428572
chem,Kaikaku/epicure-chem,2461ef3fbafab36d2b1111187a3df98721146861,panel_2,fb-executable-rep2-substitution-067,substitution,0.3686261107313739,0.3879545891558835,False,1,1,47.37571428571428,53.04857142857143
chem,Kaikaku/epicure-chem,2461ef3fbafab36d2b1111187a3df98721146861,panel_2,fb-executable-rep2-substitution-143,substitution,0.8557220732977577,0.8597625285336745,False,1,1,45.723392857142855,50.21017857142857
chem,Kaikaku/epicure-chem,2461ef3fbafab36d2b1111187a3df98721146861,panel_2,fb-executable-rep2-substitution-028,substitution,0.57676008202324,0.5947652615688755,False,1,1,53.03303571428572,51.747678571428565
chem,Kaikaku/epicure-chem,2461ef3fbafab36d2b1111187a3df98721146861,panel_2,fb-executable-rep2-substitution-129,substitution,0.9749145591250855,0.9748761470423614,True,1,1,46.082142857142856,43.924107142857146
chem,Kaikaku/epicure-chem,2461ef3fbafab36d2b1111187a3df98721146861,panel_2,fb-executable-rep2-substitution-127,substitution,0.874025974025974,0.8865884937769009,True,1,1,42.82,41.26375
chem,Kaikaku/epicure-chem,2461ef3fbafab36d2b1111187a3df98721146861,panel_2,fb-executable-rep2-substitution-061,substitution,0.5117566643882434,0.5257239202829509,False,1,1,44.16571428571429,50.519107142857145
chem,Kaikaku/epicure-chem,2461ef3fbafab36d2b1111187a3df98721146861,panel_2,fb-executable-rep2-substitution-118,substitution,0.7311688311688312,0.7320798303992182,False,1,1,42.72035714285715,46.44607142857143
chem,Kaikaku/epicure-chem,2461ef3fbafab36d2b1111187a3df98721146861,panel_2,fb-executable-rep2-substitution-030,substitution,0.3427887901572112,0.34617041071842775,False,1,1,48.19571428571428,52.79410714285714
chem,Kaikaku/epicure-chem,2461ef3fbafab36d2b1111187a3df98721146861,panel_2,fb-executable-rep2-substitution-013,substitution,0.44884567412011556,0.4852862950476182,False,1,1,48.23285714285715,45.69696428571429
chem,Kaikaku/epicure-chem,2461ef3fbafab36d2b1111187a3df98721146861,panel_2,fb-executable-rep2-substitution-100,substitution,0.828708133971292,0.8445447469729284,True,1,1,47.12482142857143,39.9875
chem,Kaikaku/epicure-chem,2461ef3fbafab36d2b1111187a3df98721146861,panel_2,fb-executable-rep2-substitution-052,substitution,0.591910319811641,0.5973266649182911,False,1,1,47.76428571428571,40.34589285714286
chem,Kaikaku/epicure-chem,2461ef3fbafab36d2b1111187a3df98721146861,panel_2,fb-executable-rep2-substitution-047,substitution,0.5855775803144224,0.6293900245173589,False,1,1,41.95035714285714,47.01875
chem,Kaikaku/epicure-chem,2461ef3fbafab36d2b1111187a3df98721146861,panel_2,fb-executable-rep2-substitution-073,substitution,0.8652574378815934,0.8861316074287903,False,1,1,38.57107142857143,40.89910714285714
chem,Kaikaku/epicure-chem,2461ef3fbafab36d2b1111187a3df98721146861,panel_2,fb-executable-rep2-substitution-048,substitution,0.6175666438824334,0.6352682324279416,False,1,1,46.91517857142857,42.21767857142857
chem,Kaikaku/epicure-chem,2461ef3fbafab36d2b1111187a3df98721146861,panel_2,fb-executable-rep2-substitution-110,substitution,0.7084073820915927,0.7348322323397067,False,1,1,41.60660714285714,40.67035714285714
chem,Kaikaku/epicure-chem,2461ef3fbafab36d2b1111187a3df98721146861,panel_2,fb-executable-rep2-substitution-024,substitution,0.716883116883117,0.7110932531620793,False,1,1,47.651964285714286,50.45357142857143
chem,Kaikaku/epicure-chem,2461ef3fbafab36d2b1111187a3df98721146861,panel_2,fb-executable-rep2-substitution-003,substitution,0.7640253593965722,0.7811966162450978,False,1,1,31.33535714285714,42.82785714285715
chem,Kaikaku/epicure-chem,2461ef3fbafab36d2b1111187a3df98721146861,panel_2,fb-executable-rep2-substitution-046,substitution,-0.15700615174299384,-0.17642652899776268,False,1,1,46.15375,42.863035714285715
chem,Kaikaku/epicure-chem,2461ef3fbafab36d2b1111187a3df98721146861,panel_2,fb-executable-rep2-substitution-094,substitution,0.6978127136021873,0.7327648142510206,False,1,1,44.93017857142857,40.54
chem,Kaikaku/epicure-chem,2461ef3fbafab36d2b1111187a3df98721146861,panel_2,fb-executable-rep2-substitution-060,substitution,0.5261107313738893,0.5744523900080926,False,1,1,49.958214285714284,41.94410714285715
chem,Kaikaku/epicure-chem,2461ef3fbafab36d2b1111187a3df98721146861,panel_2,fb-executable-rep2-substitution-128,substitution,0.6481886534518113,0.6554389183530913,False,1,1,43.24339285714285,47.35285714285715
chem,Kaikaku/epicure-chem,2461ef3fbafab36d2b1111187a3df98721146861,panel_2,fb-executable-rep2-substitution-108,substitution,0.9730006835269994,0.976197684515121,False,1,1,43.41767857142857,47.97714285714285
chem,Kaikaku/epicure-chem,2461ef3fbafab36d2b1111187a3df98721146861,panel_2,fb-executable-rep2-substitution-141,substitution,0.7548188653451812,0.7909384630811656,True,1,1,41.80482142857143,40.979642857142856
chem,Kaikaku/epicure-chem,2461ef3fbafab36d2b1111187a3df98721146861,panel_2,fb-executable-rep2-substitution-087,substitution,0.8945317840054683,0.9409428433006244,False,1,1,49.87410714285715,42.208214285714284
chem,Kaikaku/epicure-chem,2461ef3fbafab36d2b1111187a3df98721146861,panel_2,fb-executable-rep2-substitution-012,substitution,-0.2602870813397129,-0.24890446014086612,False,1,1,44.03660714285715,45.293392857142855
chem,Kaikaku/epicure-chem,2461ef3fbafab36d2b1111187a3df98721146861,panel_2,fb-executable-rep2-substitution-085,substitution,0.521531100478469,0.5711044091987658,False,1,1,38.09267857142857,37.91
chem,Kaikaku/epicure-chem,2461ef3fbafab36d2b1111187a3df98721146861,panel_2,fb-executable-rep2-substitution-112,substitution,0.758078572881922,0.7872976569727974,True,1,1,39.52017857142857,43.857142857142854
chem,Kaikaku/epicure-chem,2461ef3fbafab36d2b1111187a3df98721146861,panel_2,fb-executable-rep2-substitution-115,substitution,0.8695295546306236,0.8647768864151524,False,1,1,38.276785714285715,43.60982142857143
chem,Kaikaku/epicure-chem,2461ef3fbafab36d2b1111187a3df98721146861,panel_2,fb-executable-rep2-substitution-026,substitution,0.7472444848063814,0.7176495511020593,False,1,1,52.50660714285715,43.94464285714285
chem,Kaikaku/epicure-chem,2461ef3fbafab36d2b1111187a3df98721146861,panel_2,fb-executable-rep2-substitution-145,substitution,0.4737264820664678,0.5170584588501669,False,1,1,43.11214285714286,48.64607142857143
chem,Kaikaku/epicure-chem,2461ef3fbafab36d2b1111187a3df98721146861,panel_2,fb-executable-rep2-substitution-136,substitution,0.8049897470950104,0.8619053681781678,False,1,1,47.17142857142857,39.16285714285714
chem,Kaikaku/epicure-chem,2461ef3fbafab36d2b1111187a3df98721146861,panel_2,fb-executable-rep2-substitution-114,substitution,0.05440874914559126,0.09058523945374847,False,1,1,45.130178571428566,46.54678571428572
chem,Kaikaku/epicure-chem,2461ef3fbafab36d2b1111187a3df98721146861,panel_2,fb-executable-rep2-substitution-107,substitution,0.8829610896895748,0.9180396272920578,True,1,1,36.98553571428572,42.89857142857143
chem,Kaikaku/epicure-chem,2461ef3fbafab36d2b1111187a3df98721146861,panel_2,fb-executable-rep2-substitution-032,substitution,0.12289815447710184,0.10828535506488061,False,1,1,51.363928571428566,45.45339285714285
chem,Kaikaku/epicure-chem,2461ef3fbafab36d2b1111187a3df98721146861,panel_2,fb-executable-rep2-substitution-157,substitution,0.5936431989063569,0.5884159950457899,False,1,1,51.56089285714285,39.574285714285715
chem,Kaikaku/epicure-chem,2461ef3fbafab36d2b1111187a3df98721146861,panel_2,fb-executable-rep2-substitution-090,substitution,0.4159261790840738,0.41410406508944203,False,1,1,47.28,51.36553571428571
chem,Kaikaku/epicure-chem,2461ef3fbafab36d2b1111187a3df98721146861,panel_2,fb-executable-rep2-substitution-098,substitution,0.5261790840738211,0.584883903771353,False,1,1,49.64839285714285,33.62589285714286
chem,Kaikaku/epicure-chem,2461ef3fbafab36d2b1111187a3df98721146861,panel_2,fb-executable-rep2-substitution-158,substitution,0.8050580997949419,0.8414345829910412,False,1,1,43.51660714285715,39.54714285714286
chem,Kaikaku/epicure-chem,2461ef3fbafab36d2b1111187a3df98721146861,panel_2,fb-executable-rep2-substitution-097,substitution,0.7958988380041012,0.8535121281687416,True,1,1,40.96625,45.12321428571428
chem,Kaikaku/epicure-chem,2461ef3fbafab36d2b1111187a3df98721146861,panel_2,fb-executable-rep2-substitution-053,substitution,0.4391660970608339,0.4618001480190158,False,1,1,45.339464285714286,40.63910714285714
chem,Kaikaku/epicure-chem,2461ef3fbafab36d2b1111187a3df98721146861,panel_2,fb-executable-rep2-pairing-109,pairing,0.8764183185235818,0.9008198432669636,False,1,1,51.68553571428571,49.66410714285715
chem,Kaikaku/epicure-chem,2461ef3fbafab36d2b1111187a3df98721146861,panel_2,fb-executable-rep2-pairing-066,pairing,0.5759155147032717,0.591669447808135,False,1,1,50.91982142857143,48.65678571428572
chem,Kaikaku/epicure-chem,2461ef3fbafab36d2b1111187a3df98721146861,panel_2,fb-executable-rep2-pairing-015,pairing,0.7632946001367055,0.7525341298153592,False,1,1,44.82892857142857,42.93553571428571
chem,Kaikaku/epicure-chem,2461ef3fbafab36d2b1111187a3df98721146861,panel_2,fb-executable-rep2-pairing-121,pairing,0.9236999950083273,0.914881886626553,True,1,1,41.17732142857143,46.41232142857143
chem,Kaikaku/epicure-chem,2461ef3fbafab36d2b1111187a3df98721146861,panel_2,fb-executable-rep2-pairing-147,pairing,0.23397129186602872,0.19939443106357652,False,1,1,40.44303571428571,42.03214285714285
chem,Kaikaku/epicure-chem,2461ef3fbafab36d2b1111187a3df98721146861,panel_2,fb-executable-rep2-pairing-080,pairing,0.8183185235816814,0.8121601417063646,True,1,1,42.55642857142857,42.56607142857143
chem,Kaikaku/epicure-chem,2461ef3fbafab36d2b1111187a3df98721146861,panel_2,fb-executable-rep2-pairing-140,pairing,0.7369914046087087,0.7638920965333057,True,1,1,43.96142857142857,43.450178571428566
chem,Kaikaku/epicure-chem,2461ef3fbafab36d2b1111187a3df98721146861,panel_2,fb-executable-rep2-pairing-102,pairing,0.45841521563794335,0.5003661487595387,False,1,1,44.34410714285715,40.64107142857143
chem,Kaikaku/epicure-chem,2461ef3fbafab36d2b1111187a3df98721146861,panel_2,fb-executable-rep2-pairing-157,pairing,0.8223653857213296,0.8658483568600938,False,1,1,47.17339285714285,38.447857142857146
chem,Kaikaku/epicure-chem,2461ef3fbafab36d2b1111187a3df98721146861,panel_2,fb-executable-rep2-pairing-047,pairing,0.7152548745896428,0.7418201504344619,True,1,1,53.24071428571428,59.636785714285715
chem,Kaikaku/epicure-chem,2461ef3fbafab36d2b1111187a3df98721146861,panel_2,fb-executable-rep2-pairing-106,pairing,0.8088174982911825,0.7527601385792894,True,1,1,50.629285714285714,33.64732142857142
chem,Kaikaku/epicure-chem,2461ef3fbafab36d2b1111187a3df98721146861,panel_2,fb-executable-rep2-pairing-101,pairing,0.6643882433356119,0.703747024574987,True,1,1,39.59375,43.77964285714285
chem,Kaikaku/epicure-chem,2461ef3fbafab36d2b1111187a3df98721146861,panel_2,fb-executable-rep2-pairing-032,pairing,0.43194285427637685,0.4173251040998467,False,1,1,51.434642857142855,39.64196428571429
chem,Kaikaku/epicure-chem,2461ef3fbafab36d2b1111187a3df98721146861,panel_2,fb-executable-rep2-pairing-146,pairing,0.7725222146274778,0.8245686555556532,False,1,1,49.35160714285715,47.45446428571429
chem,Kaikaku/epicure-chem,2461ef3fbafab36d2b1111187a3df98721146861,panel_2,fb-executable-rep2-pairing-023,pairing,0.5847089787754862,0.6095858841736688,True,1,1,47.02446428571429,38.17982142857143
chem,Kaikaku/epicure-chem,2461ef3fbafab36d2b1111187a3df98721146861,panel_2,fb-executable-rep2-pairing-154,pairing,0.6884483937115516,0.7144045120498507,False,1,1,45.73,39.879107142857144
chem,Kaikaku/epicure-chem,2461ef3fbafab36d2b1111187a3df98721146861,panel_2,fb-executable-rep2-pairing-105,pairing,0.6864778961681749,0.6681402708432173,False,1,1,48.53767857142857,40.527142857142856
chem,Kaikaku/epicure-chem,2461ef3fbafab36d2b1111187a3df98721146861,panel_2,fb-executable-rep2-pairing-133,pairing,0.8557758031442242,0.8540528412741385,False,1,1,46.81446428571429,34.86214285714286
chem,Kaikaku/epicure-chem,2461ef3fbafab36d2b1111187a3df98721146861,panel_2,fb-executable-rep2-pairing-115,pairing,0.43615857826384147,0.46093190398171857,False,1,1,50.88267857142857,45.747142857142855
chem,Kaikaku/epicure-chem,2461ef3fbafab36d2b1111187a3df98721146861,panel_2,fb-executable-rep2-pairing-017,pairing,0.7421736158578265,0.8004611246112159,True,1,1,40.911964285714284,38.76107142857143
chem,Kaikaku/epicure-chem,2461ef3fbafab36d2b1111187a3df98721146861,panel_2,fb-executable-rep2-pairing-144,pairing,0.5911825017088175,0.582010423647509,False,1,1,46.613035714285715,56.16321428571428
chem,Kaikaku/epicure-chem,2461ef3fbafab36d2b1111187a3df98721146861,panel_2,fb-executable-rep2-pairing-108,pairing,0.32235133287764867,0.4059522214163155,False,1,1,39.74839285714286,37.21696428571428
chem,Kaikaku/epicure-chem,2461ef3fbafab36d2b1111187a3df98721146861,panel_2,fb-executable-rep2-pairing-052,pairing,0.4017498590788059,0.41555152754733804,False,1,1,51.00821428571428,49.121607142857144
chem,Kaikaku/epicure-chem,2461ef3fbafab36d2b1111187a3df98721146861,panel_2,fb-executable-rep2-pairing-024,pairing,0.6186602870813398,0.6413238832813264,False,1,1,51.04535714285715,50.32107142857143
chem,Kaikaku/epicure-chem,2461ef3fbafab36d2b1111187a3df98721146861,panel_2,fb-executable-rep2-pairing-137,pairing,0.3898904629834979,0.42785189277203606,False,1,1,45.28821428571428,46.488035714285715
chem,Kaikaku/epicure-chem,2461ef3fbafab36d2b1111187a3df98721146861,panel_2,fb-executable-rep2-pairing-151,pairing,0.7771701982228298,0.7863501109951812,False,1,1,43.567142857142855,49.60625
chem,Kaikaku/epicure-chem,2461ef3fbafab36d2b1111187a3df98721146861,panel_2,fb-executable-rep2-pairing-020,pairing,0.3397129186602871,0.32638537832054626,False,1,1,53.01589285714285,45.46982142857143
chem,Kaikaku/epicure-chem,2461ef3fbafab36d2b1111187a3df98721146861,panel_2,fb-executable-rep2-pairing-094,pairing,0.7547505126452495,0.7435187632602799,False,1,1,41.80535714285715,37.77214285714286
chem,Kaikaku/epicure-chem,2461ef3fbafab36d2b1111187a3df98721146861,panel_2,fb-executable-rep2-pairing-118,pairing,0.6814764183185236,0.6847339079069771,False,1,1,53.60946428571428,51.41428571428572
chem,Kaikaku/epicure-chem,2461ef3fbafab36d2b1111187a3df98721146861,panel_2,fb-executable-rep2-pairing-048,pairing,0.5444292549555707,0.536910371630362,False,1,1,52.372678571428565,43.44660714285715
chem,Kaikaku/epicure-chem,2461ef3fbafab36d2b1111187a3df98721146861,panel_2,fb-executable-rep2-pairing-018,pairing,0.1354066985645933,0.21610509229729513,False,1,1,44.94303571428571,34.597321428571426
chem,Kaikaku/epicure-chem,2461ef3fbafab36d2b1111187a3df98721146861,panel_2,fb-executable-rep2-pairing-044,pairing,0.14702665755297337,0.19807184201177144,False,1,1,49.393035714285716,45.47053571428572
chem,Kaikaku/epicure-chem,2461ef3fbafab36d2b1111187a3df98721146861,panel_2,fb-executable-rep2-pairing-095,pairing,0.792071086807929,0.7877018300396551,False,1,1,56.769285714285715,51.6625
chem,Kaikaku/epicure-chem,2461ef3fbafab36d2b1111187a3df98721146861,panel_2,fb-executable-rep2-pairing-071,pairing,-0.3559808612440192,-0.27630230262318,False,1,1,37.82642857142857,50.47053571428572
chem,Kaikaku/epicure-chem,2461ef3fbafab36d2b1111187a3df98721146861,panel_2,fb-executable-rep2-pairing-030,pairing,0.3342447026657553,0.32409061459776284,False,1,1,44.53892857142857,42.167321428571434
chem,Kaikaku/epicure-chem,2461ef3fbafab36d2b1111187a3df98721146861,panel_2,fb-executable-rep2-pairing-114,pairing,0.5473000683527,0.5322004361783362,False,1,1,47.47857142857143,43.68910714285715
chem,Kaikaku/epicure-chem,2461ef3fbafab36d2b1111187a3df98721146861,panel_2,fb-executable-rep2-pairing-004,pairing,0.7860353048875761,0.8044993936874686,False,1,1,49.68089285714285,44.14982142857143
chem,Kaikaku/epicure-chem,2461ef3fbafab36d2b1111187a3df98721146861,panel_2,fb-executable-rep2-pairing-002,pairing,0.27511961722488043,0.35528460520707156,True,1,1,24.649107142857144,43.11553571428571
chem,Kaikaku/epicure-chem,2461ef3fbafab36d2b1111187a3df98721146861,panel_2,fb-executable-rep2-pairing-045,pairing,0.23834586466165417,0.2797639419970959,False,1,1,37.75553571428571,41.612321428571434
chem,Kaikaku/epicure-chem,2461ef3fbafab36d2b1111187a3df98721146861,panel_2,fb-executable-rep2-pairing-043,pairing,0.5012303485987697,0.5697794523370445,False,1,1,44.00196428571429,40.41357142857143
chem,Kaikaku/epicure-chem,2461ef3fbafab36d2b1111187a3df98721146861,panel_2,fb-executable-rep2-pairing-149,pairing,0.6853041695146959,0.7317909530141486,True,1,1,40.356964285714284,46.53178571428572
chem,Kaikaku/epicure-chem,2461ef3fbafab36d2b1111187a3df98721146861,panel_2,fb-executable-rep2-pairing-113,pairing,0.5313055365686945,0.5577799615924988,False,1,1,54.89767857142857,42.293035714285715
chem,Kaikaku/epicure-chem,2461ef3fbafab36d2b1111187a3df98721146861,panel_2,fb-executable-rep2-pairing-159,pairing,0.19398496240601504,0.19377653012948307,False,1,1,37.75125,52.28107142857143
chem,Kaikaku/epicure-chem,2461ef3fbafab36d2b1111187a3df98721146861,panel_2,fb-executable-rep2-pairing-129,pairing,0.882365003417635,0.8756297815011764,False,1,1,51.939821428571435,45.598214285714285
chem,Kaikaku/epicure-chem,2461ef3fbafab36d2b1111187a3df98721146861,panel_2,fb-executable-rep2-pairing-079,pairing,-0.06739691383270142,-0.08333431609304312,False,1,1,52.44714285714285,47.417857142857144
chem,Kaikaku/epicure-chem,2461ef3fbafab36d2b1111187a3df98721146861,panel_2,fb-executable-rep2-pairing-091,pairing,0.03971359729898532,0.017478634160747953,False,1,1,45.73392857142857,53.86892857142857
chem,Kaikaku/epicure-chem,2461ef3fbafab36d2b1111187a3df98721146861,panel_2,fb-executable-rep2-pairing-103,pairing,0.7228298017771702,0.7549802470750135,False,1,1,35.732321428571424,41.44410714285715
chem,Kaikaku/epicure-chem,2461ef3fbafab36d2b1111187a3df98721146861,panel_2,fb-executable-rep2-pairing-148,pairing,0.7773752563226248,0.8818441818372453,False,1,1,45.323392857142856,44.33375
chem,Kaikaku/epicure-chem,2461ef3fbafab36d2b1111187a3df98721146861,panel_2,fb-executable-rep2-pairing-061,pairing,0.2989747095010253,0.29085326031128045,False,1,1,42.53178571428572,46.29071428571429
chem,Kaikaku/epicure-chem,2461ef3fbafab36d2b1111187a3df98721146861,panel_2,fb-executable-rep2-pairing-036,pairing,0.20031101012853098,0.19537588509378312,False,1,1,49.25660714285715,49.739285714285714
chem,Kaikaku/epicure-chem,2461ef3fbafab36d2b1111187a3df98721146861,panel_2,fb-executable-rep2-pairing-081,pairing,0.7011398008508468,0.6485398815559226,False,1,1,37.599821428571424,44.86267857142857
chem,Kaikaku/epicure-chem,2461ef3fbafab36d2b1111187a3df98721146861,panel_2,fb-executable-rep2-pairing-005,pairing,0.2740306567497972,0.295056523976962,False,1,1,48.86035714285715,41.68767857142857
chem,Kaikaku/epicure-chem,2461ef3fbafab36d2b1111187a3df98721146861,panel_2,fb-executable-rep2-pairing-096,pairing,0.49309637730690364,0.5176795800088921,False,1,1,51.00160714285715,56.95375
chem,Kaikaku/epicure-chem,2461ef3fbafab36d2b1111187a3df98721146861,panel_2,fb-executable-rep2-pairing-125,pairing,0.774804333709286,0.784360292496707,True,1,1,47.04071428571429,41.74267857142857
chem,Kaikaku/epicure-chem,2461ef3fbafab36d2b1111187a3df98721146861,panel_2,fb-executable-rep2-pairing-001,pairing,0.5124401913875599,0.5062726597176166,False,1,1,50.1875,44.3075
chem,Kaikaku/epicure-chem,2461ef3fbafab36d2b1111187a3df98721146861,panel_2,fb-executable-rep2-pairing-156,pairing,0.6950102529049897,0.6974057464272424,False,1,1,45.17892857142857,45.88232142857143
chem,Kaikaku/epicure-chem,2461ef3fbafab36d2b1111187a3df98721146861,panel_2,fb-executable-rep2-pairing-068,pairing,0.6613123718386876,0.6757513473597205,False,1,1,42.28071428571428,40.47
chem,Kaikaku/epicure-chem,2461ef3fbafab36d2b1111187a3df98721146861,panel_2,fb-executable-rep2-pairing-057,pairing,0.725974025974026,0.7296051569642622,True,1,1,47.47714285714285,49.18642857142857
chem,Kaikaku/epicure-chem,2461ef3fbafab36d2b1111187a3df98721146861,panel_2,fb-executable-rep2-pairing-099,pairing,0.5218728639781272,0.5758864855601638,True,1,1,38.628035714285716,44.39392857142857
chem,Kaikaku/epicure-chem,2461ef3fbafab36d2b1111187a3df98721146861,panel_2,fb-executable-rep2-pairing-025,pairing,0.6542148704794983,0.6456287000343658,False,1,1,49.855892857142855,43.72517857142857
chem,Kaikaku/epicure-chem,2461ef3fbafab36d2b1111187a3df98721146861,panel_2,fb-executable-rep2-pairing-104,pairing,0.5077922077922078,0.5237608059880856,False,1,1,43.190714285714286,48.00660714285715
chem,Kaikaku/epicure-chem,2461ef3fbafab36d2b1111187a3df98721146861,panel_2,fb-executable-rep2-pairing-059,pairing,0.6917293233082707,0.6927273690980479,False,1,1,44.90232142857143,52.76517857142857
chem,Kaikaku/epicure-chem,2461ef3fbafab36d2b1111187a3df98721146861,panel_2,fb-executable-rep2-pairing-012,pairing,0.5310321257689679,0.5501892253963065,False,1,1,42.52392857142857,58.36857142857143
chem,Kaikaku/epicure-chem,2461ef3fbafab36d2b1111187a3df98721146861,panel_2,fb-executable-rep2-pairing-139,pairing,0.8557904271657423,0.847610161200165,False,1,1,41.10875,40.01285714285714
chem,Kaikaku/epicure-chem,2461ef3fbafab36d2b1111187a3df98721146861,panel_2,fb-executable-rep2-pairing-072,pairing,0.2734107997265892,0.3707667710495521,False,1,1,45.39910714285715,41.78607142857143
chem,Kaikaku/epicure-chem,2461ef3fbafab36d2b1111187a3df98721146861,panel_2,fb-executable-rep2-pairing-119,pairing,0.23820915926179087,0.22654051559266644,True,1,1,48.838571428571434,42.355714285714285
chem,Kaikaku/epicure-chem,2461ef3fbafab36d2b1111187a3df98721146861,panel_2,fb-executable-rep2-pairing-112,pairing,0.25331510594668494,0.1516450878659288,False,1,1,31.00785714285714,44.43696428571428
chem,Kaikaku/epicure-chem,2461ef3fbafab36d2b1111187a3df98721146861,panel_2,fb-executable-rep2-pairing-008,pairing,0.30267092743529606,0.30321867680188064,False,1,1,49.183214285714286,42.84
chem,Kaikaku/epicure-chem,2461ef3fbafab36d2b1111187a3df98721146861,panel_2,fb-executable-rep2-pairing-152,pairing,0.4371571626947688,0.46137021356428476,False,1,1,55.89160714285715,55.79482142857143
chem,Kaikaku/epicure-chem,2461ef3fbafab36d2b1111187a3df98721146861,panel_2,fb-executable-rep2-pairing-084,pairing,0.6726362379013168,0.6713426916838883,False,1,1,49.205,44.253035714285716
chem,Kaikaku/epicure-chem,2461ef3fbafab36d2b1111187a3df98721146861,panel_2,fb-executable-rep2-pairing-053,pairing,0.7722488038277512,0.7886112905300221,True,1,1,46.573392857142856,45.41428571428572
chem,Kaikaku/epicure-chem,2461ef3fbafab36d2b1111187a3df98721146861,panel_2,fb-executable-rep2-pairing-117,pairing,0.9251537935748462,0.9086546805551554,True,1,1,56.800535714285715,48.44982142857143
chem,Kaikaku/epicure-chem,2461ef3fbafab36d2b1111187a3df98721146861,panel_2,fb-executable-rep2-pairing-038,pairing,0.3484620642515379,0.3606600267208944,False,1,1,47.3075,50.715892857142855
chem,Kaikaku/epicure-chem,2461ef3fbafab36d2b1111187a3df98721146861,panel_2,fb-executable-rep2-pairing-055,pairing,0.45755297334244704,0.5112634407825931,True,1,1,43.19482142857143,37.415
chem,Kaikaku/epicure-chem,2461ef3fbafab36d2b1111187a3df98721146861,panel_2,fb-executable-rep2-pairing-028,pairing,0.040738209159261796,0.06407923454009934,False,1,1,41.56125,37.9275
chem,Kaikaku/epicure-chem,2461ef3fbafab36d2b1111187a3df98721146861,panel_2,fb-executable-rep2-pairing-006,pairing,0.4521266597833708,0.522371400618502,True,1,1,37.86839285714286,50.886071428571434
chem,Kaikaku/epicure-chem,2461ef3fbafab36d2b1111187a3df98721146861,panel_2,fb-executable-rep2-pairing-062,pairing,0.5573479152426521,0.5745088773612427,False,1,1,46.325,41.42767857142857
chem,Kaikaku/epicure-chem,2461ef3fbafab36d2b1111187a3df98721146861,panel_2,fb-executable-rep2-pairing-074,pairing,0.4440267264272095,0.4968371276660115,True,1,1,44.57232142857143,35.59142857142857
chem,Kaikaku/epicure-chem,2461ef3fbafab36d2b1111187a3df98721146861,panel_2,fb-executable-rep2-pairing-086,pairing,0.24266037814507554,0.2622896923384665,False,1,1,34.38946428571428,41.02928571428571
chem,Kaikaku/epicure-chem,2461ef3fbafab36d2b1111187a3df98721146861,panel_2,fb-executable-rep2-pairing-070,pairing,0.710868079289132,0.7354231435513877,True,1,1,35.69446428571428,35.87714285714286
chem,Kaikaku/epicure-chem,2461ef3fbafab36d2b1111187a3df98721146861,panel_2,fb-executable-rep2-pairing-134,pairing,0.03766233766233767,0.05267373889040893,False,1,1,48.2625,46.8625
chem,Kaikaku/epicure-chem,2461ef3fbafab36d2b1111187a3df98721146861,panel_2,fb-executable-rep2-pairing-010,pairing,0.5996343068938877,0.6298639577449441,False,1,1,54.622678571428565,47.63107142857143
chem,Kaikaku/epicure-chem,2461ef3fbafab36d2b1111187a3df98721146861,panel_2,fb-executable-rep2-pairing-130,pairing,0.8955040244647277,0.911302129726357,True,1,1,44.30696428571429,37.59285714285714
chem,Kaikaku/epicure-chem,2461ef3fbafab36d2b1111187a3df98721146861,panel_2,fb-executable-rep2-pairing-138,pairing,0.8173615857826385,0.8260349591617934,False,1,1,47.26232142857143,44.96875
chem,Kaikaku/epicure-chem,2461ef3fbafab36d2b1111187a3df98721146861,panel_2,fb-executable-rep2-pairing-035,pairing,-0.16838975377977686,-0.22130080887394116,False,1,1,53.92214285714285,48.33571428571428
chem,Kaikaku/epicure-chem,2461ef3fbafab36d2b1111187a3df98721146861,panel_2,fb-executable-rep2-pairing-075,pairing,0.6437457279562543,0.628687562791249,False,1,1,43.87107142857143,53.585
chem,Kaikaku/epicure-chem,2461ef3fbafab36d2b1111187a3df98721146861,panel_2,fb-executable-rep2-pairing-054,pairing,0.4825783079704585,0.5693200186930903,False,1,1,42.22,47.2375
chem,Kaikaku/epicure-chem,2461ef3fbafab36d2b1111187a3df98721146861,panel_2,fb-executable-rep2-pairing-126,pairing,0.7574846206425154,0.8156569560402201,False,1,1,39.30267857142857,42.72875
chem,Kaikaku/epicure-chem,2461ef3fbafab36d2b1111187a3df98721146861,panel_2,fb-executable-rep2-pairing-016,pairing,0.27843948123479645,0.27014266557496885,False,1,1,43.465892857142855,42.73232142857143
chem,Kaikaku/epicure-chem,2461ef3fbafab36d2b1111187a3df98721146861,panel_2,fb-executable-rep2-constraint-102,constraint,0.6593357271095152,0.6043635602254243,False,1,1,3.9848214285714283,4.153035714285714
chem,Kaikaku/epicure-chem,2461ef3fbafab36d2b1111187a3df98721146861,panel_2,fb-executable-rep2-constraint-146,constraint,0.6723518850987432,0.842616410148467,False,1,1,2.9941071428571426,4.265535714285715
chem,Kaikaku/epicure-chem,2461ef3fbafab36d2b1111187a3df98721146861,panel_2,fb-executable-rep2-constraint-119,constraint,0.6602333931777377,0.8012485187511084,True,1,1,2.0864285714285713,3.4642857142857144
chem,Kaikaku/epicure-chem,2461ef3fbafab36d2b1111187a3df98721146861,panel_2,fb-executable-rep2-constraint-096,constraint,0.998653500897666,0.5407556633684317,False,1,1,2.9707142857142856,2.5025
chem,Kaikaku/epicure-chem,2461ef3fbafab36d2b1111187a3df98721146861,panel_2,fb-executable-rep2-constraint-076,constraint,0.6472172351885097,0.7169628413736849,False,1,1,2.7532142857142854,4.747857142857143
chem,Kaikaku/epicure-chem,2461ef3fbafab36d2b1111187a3df98721146861,panel_2,fb-executable-rep2-constraint-024,constraint,0.998653500897666,0.8630898905489851,False,1,1,3.8080357142857144,4.9678571428571425
chem,Kaikaku/epicure-chem,2461ef3fbafab36d2b1111187a3df98721146861,panel_2,fb-executable-rep2-constraint-158,constraint,0.6602333931777377,0.9251913773682616,True,1,1,3.145,2.84875
chem,Kaikaku/epicure-chem,2461ef3fbafab36d2b1111187a3df98721146861,panel_2,fb-executable-rep2-constraint-054,constraint,0.9995511669658885,0.9219277446827615,True,1,1,5.091428571428572,3.512142857142857
chem,Kaikaku/epicure-chem,2461ef3fbafab36d2b1111187a3df98721146861,panel_2,fb-executable-rep2-constraint-072,constraint,0.9995511669658885,0.9155003369620756,False,1,1,3.5432142857142854,3.7267857142857146
chem,Kaikaku/epicure-chem,2461ef3fbafab36d2b1111187a3df98721146861,panel_2,fb-executable-rep2-constraint-074,constraint,0.6602333931777377,0.7946720160105112,True,1,1,3.7471428571428573,3.8835714285714285
chem,Kaikaku/epicure-chem,2461ef3fbafab36d2b1111187a3df98721146861,panel_2,fb-executable-rep2-constraint-083,constraint,0.9995511669658885,0.9631390717002779,False,1,1,3.3655357142857145,4.408214285714285
chem,Kaikaku/epicure-chem,2461ef3fbafab36d2b1111187a3df98721146861,panel_2,fb-executable-rep2-constraint-036,constraint,0.6593357271095152,0.6897534420211838,False,1,1,3.524642857142857,3.3775
chem,Kaikaku/epicure-chem,2461ef3fbafab36d2b1111187a3df98721146861,panel_2,fb-executable-rep2-constraint-017,constraint,0.998653500897666,0.8388463891916716,False,1,1,4.285357142857142,3.605
chem,Kaikaku/epicure-chem,2461ef3fbafab36d2b1111187a3df98721146861,panel_2,fb-executable-rep2-constraint-040,constraint,0.6342010771992819,0.39294659668230286,False,1,1,4.248392857142857,3.5417857142857145
chem,Kaikaku/epicure-chem,2461ef3fbafab36d2b1111187a3df98721146861,panel_2,fb-executable-rep2-constraint-126,constraint,0.6472172351885097,0.07326782961757806,False,1,1,2.0533928571428572,3.9192857142857145
chem,Kaikaku/epicure-chem,2461ef3fbafab36d2b1111187a3df98721146861,panel_2,fb-executable-rep2-constraint-148,constraint,0.6463195691202871,0.4444803209387921,False,1,1,4.181964285714286,3.6280357142857143
chem,Kaikaku/epicure-chem,2461ef3fbafab36d2b1111187a3df98721146861,panel_2,fb-executable-rep2-constraint-065,constraint,0.6481149012567324,0.7120508863979133,True,1,1,2.4126785714285712,3.9376785714285716
chem,Kaikaku/epicure-chem,2461ef3fbafab36d2b1111187a3df98721146861,panel_2,fb-executable-rep2-constraint-075,constraint,0.998653500897666,0.966348918144684,False,1,1,4.682678571428571,4.25875
chem,Kaikaku/epicure-chem,2461ef3fbafab36d2b1111187a3df98721146861,panel_2,fb-executable-rep2-constraint-123,constraint,0.6723518850987432,0.8872980321047081,False,1,1,4.210178571428572,3.749107142857143
chem,Kaikaku/epicure-chem,2461ef3fbafab36d2b1111187a3df98721146861,panel_2,fb-executable-rep2-constraint-090,constraint,0.6593357271095152,0.47662388677881723,False,1,1,3.8066071428571426,2.3314285714285714
chem,Kaikaku/epicure-chem,2461ef3fbafab36d2b1111187a3df98721146861,panel_2,fb-executable-rep2-constraint-015,constraint,0.9999999999999999,0.9230392651996676,True,1,1,3.1730357142857146,2.2701785714285716
chem,Kaikaku/epicure-chem,2461ef3fbafab36d2b1111187a3df98721146861,panel_2,fb-executable-rep2-constraint-043,constraint,0.6481149012567324,0.8122911448174289,True,1,1,3.0658928571428574,3.021428571428572
chem,Kaikaku/epicure-chem,2461ef3fbafab36d2b1111187a3df98721146861,panel_2,fb-executable-rep2-constraint-136,constraint,0.6481149012567324,0.9151758962141395,True,1,1,2.68125,2.3008928571428573
chem,Kaikaku/epicure-chem,2461ef3fbafab36d2b1111187a3df98721146861,panel_2,fb-executable-rep2-constraint-106,constraint,0.6723518850987432,0.8884565334455312,False,1,1,2.719821428571428,3.7980357142857146
chem,Kaikaku/epicure-chem,2461ef3fbafab36d2b1111187a3df98721146861,panel_2,fb-executable-rep2-constraint-059,constraint,0.9999999999999999,0.9599594096149845,True,1,1,3.7896428571428573,4.787678571428572
chem,Kaikaku/epicure-chem,2461ef3fbafab36d2b1111187a3df98721146861,panel_2,fb-executable-rep2-constraint-140,constraint,0.6728007181328545,0.8975101112465044,True,1,1,3.9744642857142853,4.475714285714286
chem,Kaikaku/epicure-chem,2461ef3fbafab36d2b1111187a3df98721146861,panel_2,fb-executable-rep2-constraint-079,constraint,0.6350987432675045,0.3688481532039795,False,1,1,3.6182142857142856,3.2241071428571426
chem,Kaikaku/epicure-chem,2461ef3fbafab36d2b1111187a3df98721146861,panel_2,fb-executable-rep2-constraint-134,constraint,0.9999999999999999,0.9657720615067008,True,1,1,4.145357142857143,4.0125
chem,Kaikaku/epicure-chem,2461ef3fbafab36d2b1111187a3df98721146861,panel_2,fb-executable-rep2-constraint-095,constraint,0.6350987432675045,0.5400736167455883,False,1,1,3.725,3.896428571428572
chem,Kaikaku/epicure-chem,2461ef3fbafab36d2b1111187a3df98721146861,panel_2,fb-executable-rep2-constraint-121,constraint,0.6350987432675045,0.4242946602605365,False,1,1,3.4567857142857146,4.6778571428571425
chem,Kaikaku/epicure-chem,2461ef3fbafab36d2b1111187a3df98721146861,panel_2,fb-executable-rep2-constraint-098,constraint,0.998653500897666,0.9628924284160304,False,1,1,4.2248214285714285,4.772142857142857
chem,Kaikaku/epicure-chem,2461ef3fbafab36d2b1111187a3df98721146861,panel_2,fb-executable-rep2-constraint-041,constraint,0.6481149012567324,0.6249549622113689,True,1,1,4.778035714285714,3.06375
chem,Kaikaku/epicure-chem,2461ef3fbafab36d2b1111187a3df98721146861,panel_2,fb-executable-rep2-constraint-027,constraint,0.6723518850987432,0.6813382549818336,False,1,1,1.9941071428571429,4.059642857142857
chem,Kaikaku/epicure-chem,2461ef3fbafab36d2b1111187a3df98721146861,panel_2,fb-executable-rep2-constraint-124,constraint,0.9995511669658885,0.8714160674791218,True,1,1,2.0,3.09125
chem,Kaikaku/epicure-chem,2461ef3fbafab36d2b1111187a3df98721146861,panel_2,fb-executable-rep2-constraint-139,constraint,0.6602333931777377,0.9280619488862905,True,1,1,2.1333928571428573,2.8046428571428574
chem,Kaikaku/epicure-chem,2461ef3fbafab36d2b1111187a3df98721146861,panel_2,fb-executable-rep2-constraint-071,constraint,0.9995511669658885,0.8646122404798492,True,1,1,4.437678571428572,2.7010714285714283
chem,Kaikaku/epicure-chem,2461ef3fbafab36d2b1111187a3df98721146861,panel_2,fb-executable-rep2-constraint-052,constraint,0.6723518850987432,0.8282720297127619,False,1,1,3.9507142857142856,4.6
chem,Kaikaku/epicure-chem,2461ef3fbafab36d2b1111187a3df98721146861,panel_2,fb-executable-rep2-constraint-082,constraint,0.9999999999999999,0.7892048529697122,True,1,1,2.40875,4.905
chem,Kaikaku/epicure-chem,2461ef3fbafab36d2b1111187a3df98721146861,panel_2,fb-executable-rep2-constraint-142,constraint,0.6342010771992819,0.21042261400519965,False,1,1,2.7239285714285715,3.3157142857142854
chem,Kaikaku/epicure-chem,2461ef3fbafab36d2b1111187a3df98721146861,panel_2,fb-executable-rep2-constraint-050,constraint,0.6350987432675045,0.29173053937391125,False,1,1,2.8567857142857145,4.865
chem,Kaikaku/epicure-chem,2461ef3fbafab36d2b1111187a3df98721146861,panel_2,fb-executable-rep2-constraint-097,constraint,0.9999999999999999,0.973904238999528,True,1,1,3.5591071428571426,3.3489285714285715
chem,Kaikaku/epicure-chem,2461ef3fbafab36d2b1111187a3df98721146861,panel_2,fb-executable-rep2-constraint-068,constraint,0.6467684021543985,0.4014486256571715,False,1,1,2.549107142857143,3.714642857142857
chem,Kaikaku/epicure-chem,2461ef3fbafab36d2b1111187a3df98721146861,panel_2,fb-executable-rep2-constraint-132,constraint,0.9999999999999999,0.9760360946022046,True,1,1,3.4180357142857143,3.4355357142857144
chem,Kaikaku/epicure-chem,2461ef3fbafab36d2b1111187a3df98721146861,panel_2,fb-executable-rep2-constraint-154,constraint,0.9982046678635548,0.7825051443750802,False,1,1,3.6726785714285715,3.9944642857142854
chem,Kaikaku/epicure-chem,2461ef3fbafab36d2b1111187a3df98721146861,panel_2,fb-executable-rep2-constraint-018,constraint,0.6467684021543985,0.3786624780229458,False,1,1,3.7676785714285717,3.0985714285714283
chem,Kaikaku/epicure-chem,2461ef3fbafab36d2b1111187a3df98721146861,panel_2,fb-executable-rep2-constraint-060,constraint,0.6481149012567324,0.7118866756162989,True,1,1,3.6673214285714284,4.234642857142857
chem,Kaikaku/epicure-chem,2461ef3fbafab36d2b1111187a3df98721146861,panel_2,fb-executable-rep2-constraint-033,constraint,0.9995511669658885,0.7582066254757897,False,1,1,3.1694642857142856,2.8067857142857147
chem,Kaikaku/epicure-chem,2461ef3fbafab36d2b1111187a3df98721146861,panel_2,fb-executable-rep2-constraint-044,constraint,0.9995511669658885,0.9573897994007154,False,1,1,3.8217857142857143,3.7035714285714283
chem,Kaikaku/epicure-chem,2461ef3fbafab36d2b1111187a3df98721146861,panel_2,fb-executable-rep2-constraint-133,constraint,0.6467684021543985,0.17315195285930496,False,1,1,2.421607142857143,5.079464285714286
chem,Kaikaku/epicure-chem,2461ef3fbafab36d2b1111187a3df98721146861,panel_2,fb-executable-rep2-constraint-003,constraint,0.6467684021543985,0.2772189092574302,False,1,1,2.9603571428571427,2.6232142857142855
chem,Kaikaku/epicure-chem,2461ef3fbafab36d2b1111187a3df98721146861,panel_2,fb-executable-rep2-constraint-125,constraint,0.6723518850987432,0.7995242737399837,False,1,1,2.474464285714286,4.240714285714286
chem,Kaikaku/epicure-chem,2461ef3fbafab36d2b1111187a3df98721146861,panel_2,fb-executable-rep2-constraint-061,constraint,0.9995511669658885,0.8973510572171165,False,1,1,3.7344642857142856,3.2280357142857143
chem,Kaikaku/epicure-chem,2461ef3fbafab36d2b1111187a3df98721146861,panel_2,fb-executable-rep2-constraint-116,constraint,0.6602333931777377,0.8239810640483521,True,1,1,4.1207142857142856,3.1280357142857143
chem,Kaikaku/epicure-chem,2461ef3fbafab36d2b1111187a3df98721146861,panel_2,fb-executable-rep2-constraint-051,constraint,0.6728007181328545,0.9395276608247141,True,1,1,3.5291071428571428,2.5116071428571427
chem,Kaikaku/epicure-chem,2461ef3fbafab36d2b1111187a3df98721146861,panel_2,fb-executable-rep2-constraint-008,constraint,0.9995511669658885,0.8293211292292663,False,1,1,4.394642857142857,2.4575
chem,Kaikaku/epicure-chem,2461ef3fbafab36d2b1111187a3df98721146861,panel_2,fb-executable-rep2-constraint-112,constraint,0.6481149012567324,0.8303286194597901,True,1,1,3.2951785714285715,2.3023214285714286
chem,Kaikaku/epicure-chem,2461ef3fbafab36d2b1111187a3df98721146861,panel_2,fb-executable-rep2-constraint-049,constraint,0.998653500897666,0.6349294241226849,False,1,1,2.9530357142857144,3.305
chem,Kaikaku/epicure-chem,2461ef3fbafab36d2b1111187a3df98721146861,panel_2,fb-executable-rep2-constraint-104,constraint,0.6728007181328545,0.9028494022234368,True,1,1,3.859642857142857,2.6698214285714283
chem,Kaikaku/epicure-chem,2461ef3fbafab36d2b1111187a3df98721146861,panel_2,fb-executable-rep2-constraint-138,constraint,0.6225314183123878,0.4278236574897774,False,1,1,3.6167857142857143,5.190535714285715
chem,Kaikaku/epicure-chem,2461ef3fbafab36d2b1111187a3df98721146861,panel_2,fb-executable-rep2-constraint-006,constraint,0.6593357271095152,0.6137642262570997,False,1,1,4.180357142857143,2.060714285714286
chem,Kaikaku/epicure-chem,2461ef3fbafab36d2b1111187a3df98721146861,panel_2,fb-executable-rep2-constraint-110,constraint,0.998653500897666,0.45531013921207064,False,1,1,3.03375,3.634821428571428
chem,Kaikaku/epicure-chem,2461ef3fbafab36d2b1111187a3df98721146861,panel_2,fb-executable-rep2-constraint-088,constraint,0.6472172351885097,0.7466150439599427,False,1,1,2.8480357142857144,4.7194642857142854
chem,Kaikaku/epicure-chem,2461ef3fbafab36d2b1111187a3df98721146861,panel_2,fb-executable-rep2-constraint-105,constraint,0.6728007181328545,0.9039373999495213,True,1,1,3.510178571428572,2.25875
chem,Kaikaku/epicure-chem,2461ef3fbafab36d2b1111187a3df98721146861,panel_2,fb-executable-rep2-constraint-037,constraint,0.9995511669658885,0.9007875147515759,True,1,1,3.6848214285714285,3.7367857142857144
chem,Kaikaku/epicure-chem,2461ef3fbafab36d2b1111187a3df98721146861,panel_2,fb-executable-rep2-constraint-118,constraint,0.6728007181328545,0.9318266822381649,True,1,1,3.2626785714285718,3.5566071428571426
chem,Kaikaku/epicure-chem,2461ef3fbafab36d2b1111187a3df98721146861,panel_2,fb-executable-rep2-constraint-035,constraint,0.9999999999999999,0.9686783422227105,True,1,1,2.8025,2.143392857142857
chem,Kaikaku/epicure-chem,2461ef3fbafab36d2b1111187a3df98721146861,panel_2,fb-executable-rep2-constraint-093,constraint,0.6723518850987432,0.6748847161634569,False,1,1,3.8198214285714283,2.0476785714285715
chem,Kaikaku/epicure-chem,2461ef3fbafab36d2b1111187a3df98721146861,panel_2,fb-executable-rep2-constraint-077,constraint,0.6467684021543985,0.44827422093505803,False,1,1,3.8132142857142854,5.269285714285714
chem,Kaikaku/epicure-chem,2461ef3fbafab36d2b1111187a3df98721146861,panel_2,fb-executable-rep2-constraint-055,constraint,0.6602333931777377,0.7938090156508889,True,1,1,3.9058928571428573,3.9741071428571426
chem,Kaikaku/epicure-chem,2461ef3fbafab36d2b1111187a3df98721146861,panel_2,fb-executable-rep2-constraint-127,constraint,0.6723518850987432,0.5254852497104204,False,1,1,3.506607142857143,2.02
chem,Kaikaku/epicure-chem,2461ef3fbafab36d2b1111187a3df98721146861,panel_2,fb-executable-rep2-constraint-038,constraint,0.6602333931777377,0.981632611919045,True,1,1,2.345535714285714,2.253214285714286
chem,Kaikaku/epicure-chem,2461ef3fbafab36d2b1111187a3df98721146861,panel_2,fb-executable-rep2-constraint-120,constraint,0.6472172351885097,0.5593023200632004,False,1,1,3.5280357142857146,3.1717857142857144
chem,Kaikaku/epicure-chem,2461ef3fbafab36d2b1111187a3df98721146861,panel_2,fb-executable-rep2-constraint-149,constraint,0.6723518850987432,0.8134095790632065,False,1,1,2.564107142857143,3.6280357142857143
chem,Kaikaku/epicure-chem,2461ef3fbafab36d2b1111187a3df98721146861,panel_2,fb-executable-rep2-constraint-019,constraint,0.6602333931777377,0.8435955742642827,True,1,1,3.8389285714285717,2.80625
chem,Kaikaku/epicure-chem,2461ef3fbafab36d2b1111187a3df98721146861,panel_2,fb-executable-rep2-constraint-047,constraint,0.998653500897666,0.9162689328108939,False,1,1,4.25875,4.360357142857143
chem,Kaikaku/epicure-chem,2461ef3fbafab36d2b1111187a3df98721146861,panel_2,fb-executable-rep2-constraint-004,constraint,0.6342010771992819,0.29929816678694177,False,1,1,3.4310714285714283,4.172142857142857
chem,Kaikaku/epicure-chem,2461ef3fbafab36d2b1111187a3df98721146861,panel_2,fb-executable-rep2-constraint-062,constraint,0.6602333931777377,0.8936386110673965,True,1,1,2.6032142857142855,2.4010714285714285
chem,Kaikaku/epicure-chem,2461ef3fbafab36d2b1111187a3df98721146861,panel_2,fb-executable-rep2-constraint-016,constraint,0.6342010771992819,0.5253895705080819,False,1,1,4.517857142857142,4.5319642857142854
chem,Kaikaku/epicure-chem,2461ef3fbafab36d2b1111187a3df98721146861,panel_2,fb-executable-rep2-constraint-020,constraint,0.6728007181328545,0.8979129720519511,True,1,1,2.144285714285714,3.1607142857142856
chem,Kaikaku/epicure-chem,2461ef3fbafab36d2b1111187a3df98721146861,panel_2,fb-executable-rep2-constraint-039,constraint,0.6593357271095152,0.4895532567827904,False,1,1,2.5782142857142856,2.7389285714285716
chem,Kaikaku/epicure-chem,2461ef3fbafab36d2b1111187a3df98721146861,panel_2,fb-executable-rep2-constraint-157,constraint,0.6342010771992819,0.27844330030084824,False,1,1,4.808928571428572,3.13
chem,Kaikaku/epicure-chem,2461ef3fbafab36d2b1111187a3df98721146861,panel_2,fb-executable-rep2-constraint-114,constraint,0.6481149012567324,0.8566978541921139,True,1,1,2.7758928571428574,2.536964285714286
chem,Kaikaku/epicure-chem,2461ef3fbafab36d2b1111187a3df98721146861,panel_2,fb-executable-rep2-constraint-042,constraint,0.6602333931777377,0.7663515721059645,True,1,1,2.99375,2.7614285714285716
chem,Kaikaku/epicure-chem,2461ef3fbafab36d2b1111187a3df98721146861,panel_2,fb-executable-rep2-constraint-115,constraint,0.6593357271095152,0.553278309498684,False,1,1,2.3266071428571427,4.64
chem,Kaikaku/epicure-chem,2461ef3fbafab36d2b1111187a3df98721146861,panel_2,fb-executable-rep2-constraint-150,constraint,0.998653500897666,0.8737280422260291,False,1,1,3.2733928571428574,4.696785714285714
chem,Kaikaku/epicure-chem,2461ef3fbafab36d2b1111187a3df98721146861,panel_2,fb-executable-rep2-constraint-144,constraint,0.6728007181328545,0.99002582391589,True,1,1,2.86,2.569107142857143
chem,Kaikaku/epicure-chem,2461ef3fbafab36d2b1111187a3df98721146861,panel_2,fb-executable-rep2-constraint-012,constraint,0.6728007181328545,0.9491188536426434,True,1,1,3.1282142857142854,2.3125
chem,Kaikaku/epicure-chem,2461ef3fbafab36d2b1111187a3df98721146861,panel_2,fb-executable-rep2-constraint-026,constraint,0.6602333931777377,0.7852124696121163,True,1,1,3.035892857142857,4.48125
chem,Kaikaku/epicure-chem,2461ef3fbafab36d2b1111187a3df98721146861,panel_2,fb-executable-rep2-constraint-073,constraint,0.6220825852782764,0.005234669957902476,False,1,1,2.1503571428571426,2.955
